NU_CNPB_PLANO_DA;ID;ORIGEM;ID_PROVISAO_CONSTITUIR;SM_ATIVO_PROVISAO_CONST;SM_ATIVO_DEFICIT;VL_ATIVO_DEFICIT_PATRO;VL_ATIVO_DEFICIT_PART;VL_ATIVO_DEFICIT_ASSIST;SM_ATIVO_SER_PASSADO;VL_ATIVO_SER_PAS_PATRO;VL_ATIVO_SER_PAS_PART;VL_ATIVO_SER_PAS_ASSIST;SM_ATIVO_OUT_FINALIDADE;VL_ATIVO_OUT_FIN_PATRO;VL_ATIVO_OUT_FIN_PART;VL_ATIVO_OUT_FIN_ASSIST;QT_MESES_ATIVO_D_PATRO;QT_MESES_ATIVO_D_PART;QT_MESES_ATIVO_D_ASSIST;QT_MESES_ATIVO_S_PATRO;QT_MESES_ATIVO_S_PART;QT_MESES_ATIVO_S_ASSIST;QT_MESES_ATIVO_O_PATRO;QT_MESES_ATIVO_O_PART;QT_MESES_ATIVO_O_ASSIST;SM_PASSIVO_PROVISAO_CONST;SM_PASSIVO_DEFICIT;VL_PASSIVO_DEFICIT_PATRO;VL_PASSIVO_DEFICIT_PART;VL_PASSIVO_DEFICIT_ASSIST;SM_PASSIVO_SER_PASSADO;VL_PASSIVO_SER_PAS_PATRO;VL_PASSIVO_SER_PAS_PART;VL_PASSIVO_SER_PAS_ASSIST;SM_PASSIVO_OUT_FINALIDADE;VL_PASSIVO_OUT_FIN_PATRO;VL_PASSIVO_OUT_FIN_PART;VL_PASSIVO_OUT_FIN_ASSIST;QT_MESES_PASSIVO_D_PATRO;QT_MESES_PASSIVO_D_PART;QT_MESES_PASSIVO_D_ASSIST;QT_MESES_PASSIVO_S_PATRO;QT_MESES_PASSIVO_S_PART;QT_MESES_PASSIVO_S_ASSIST;QT_MESES_PASSIVO_O_PATRO;QT_MESES_PASSIVO_O_PART;QT_MESES_PASSIVO_O_ASSIST;ID_DEMONSTRACAO_ATUARIAL;ID_GRUPO_CUSTEIO_DA
1979000174;3296254;1;42749;0.00;0.00;0.00;0.00;0.00;0.00;0.00;0.00;0.00;0.00;0.00;0.00;0.00;0;0;0;0;0;0;0;0;0;160605991.86;103421259.24;51710629.62;51710629.62;0.00;0.00;0.00;0.00;0.00;57184732.62;0.00;0.00;57184732.62;60;60;0;0;0;0;0;0;130;3296254;NULL
2004001992;3307787;1;42757;0.00;0.00;0.00;0.00;0.00;0.00;0.00;0.00;0.00;0.00;0.00;0.00;0.00;0;0;0;0;0;0;0;0;0;0.00;0.00;0.00;0.00;0.00;0.00;0.00;0.00;0.00;0.00;0.00;0.00;0.00;0;0;0;0;0;0;0;0;0;3307787;NULL
2005000183;3307795;1;42759;0.00;0.00;0.00;0.00;0.00;0.00;0.00;0.00;0.00;0.00;0.00;0.00;0.00;0;0;0;0;0;0;0;0;0;0.00;0.00;0.00;0.00;0.00;0.00;0.00;0.00;0.00;0.00;0.00;0.00;0.00;0;0;0;0;0;0;0;0;0;3307795;NULL
1982000856;3308201;1;42765;2114536.36;2114536.36;2114536.36;0.00;0.00;0.00;0.00;0.00;0.00;0.00;0.00;0.00;0.00;12;0;0;0;0;0;0;0;0;0.00;0.00;0.00;0.00;0.00;0.00;0.00;0.00;0.00;0.00;0.00;0.00;0.00;0;0;0;0;0;0;0;0;0;3308201;NULL
1982000147;3309068;1;42774;21311619.80;21311619.80;21311619.80;0.00;0.00;0.00;0.00;0.00;0.00;0.00;0.00;0.00;0.00;111;0;0;0;0;0;0;0;0;4494662.87;4494662.87;0.00;0.00;4494662.87;0.00;0.00;0.00;0.00;0.00;0.00;0.00;0.00;0;0;111;0;0;0;0;0;0;3309068;NULL
1979001911;3309070;1;42776;137280381.62;137280381.62;137280381.62;0.00;0.00;0.00;0.00;0.00;0.00;0.00;0.00;0.00;0.00;183;0;0;0;0;0;0;0;0;94762634.60;94762634.60;0.00;146486.49;94616148.11;0.00;0.00;0.00;0.00;0.00;0.00;0.00;0.00;0;183;183;0;0;0;0;0;0;3309070;NULL
1985000792;3309407;1;42778;0.00;0.00;0.00;0.00;0.00;0.00;0.00;0.00;0.00;0.00;0.00;0.00;0.00;0;0;0;0;0;0;0;0;0;176428456.17;175693177.69;90555907.77;1135150.07;84002119.85;735278.48;0.00;0.00;735278.48;0.00;0.00;0.00;0.00;268;13;268;0;0;219;0;0;0;3309407;NULL
2010004711;3309713;1;42783;1800429.34;1800429.34;1800429.34;0.00;0.00;0.00;0.00;0.00;0.00;0.00;0.00;0.00;0.00;144;0;0;0;0;0;0;0;0;0.00;0.00;0.00;0.00;0.00;0.00;0.00;0.00;0.00;0.00;0.00;0.00;0.00;0;0;0;0;0;0;0;0;0;3309713;NULL
1979000492;3310441;1;42787;0.00;0.00;0.00;0.00;0.00;0.00;0.00;0.00;0.00;0.00;0.00;0.00;0.00;0;0;0;0;0;0;0;0;0;153452533.00;144159624.00;102808874.00;30926884.00;10423866.00;9292909.00;0.00;9292909.00;0.00;0.00;0.00;0.00;0.00;77;77;175;0;77;0;0;0;0;3310441;NULL
2007002574;3311463;1;42800;3012378.01;3012378.01;3012378.01;0.00;0.00;0.00;0.00;0.00;0.00;0.00;0.00;0.00;0.00;3;0;0;0;0;0;0;0;0;0.00;0.00;0.00;0.00;0.00;0.00;0.00;0.00;0.00;0.00;0.00;0.00;0.00;0;0;0;0;0;0;0;0;0;3311463;NULL
1981000747;3311547;1;42803;1486195.69;0.00;0.00;0.00;0.00;0.00;0.00;0.00;0.00;1486195.69;1486195.69;0.00;0.00;0;0;0;0;0;0;124;0;0;0.00;0.00;0.00;0.00;0.00;0.00;0.00;0.00;0.00;0.00;0.00;0.00;0.00;0;0;0;0;0;0;0;0;0;3311547;NULL
1996003747;3311553;1;42810;0.00;0.00;0.00;0.00;0.00;0.00;0.00;0.00;0.00;0.00;0.00;0.00;0.00;0;0;0;0;0;0;0;0;0;0.00;0.00;0.00;0.00;0.00;0.00;0.00;0.00;0.00;0.00;0.00;0.00;0.00;0;0;0;0;0;0;0;0;0;3311553;NULL
1999000919;3311555;1;42813;0.00;0.00;0.00;0.00;0.00;0.00;0.00;0.00;0.00;0.00;0.00;0.00;0.00;0;0;0;0;0;0;0;0;0;0.00;0.00;0.00;0.00;0.00;0.00;0.00;0.00;0.00;0.00;0.00;0.00;0.00;0;0;0;0;0;0;0;0;0;3311555;NULL
1993003411;3312082;1;42832;0.00;0.00;0.00;0.00;0.00;0.00;0.00;0.00;0.00;0.00;0.00;0.00;0.00;0;0;0;0;0;0;0;0;0;0.00;0.00;0.00;0.00;0.00;0.00;0.00;0.00;0.00;0.00;0.00;0.00;0.00;0;0;0;0;0;0;0;0;0;3312082;NULL
2006005383;3312490;1;42838;65305679.99;65305679.99;65305679.99;0.00;0.00;0.00;0.00;0.00;0.00;0.00;0.00;0.00;0.00;360;0;0;0;0;0;0;0;0;0.00;0.00;0.00;0.00;0.00;0.00;0.00;0.00;0.00;0.00;0.00;0.00;0.00;0;0;0;0;0;0;0;0;0;3312490;NULL
2009002611;3312719;1;42842;10744079.52;10744079.52;10744079.52;0.00;0.00;0.00;0.00;0.00;0.00;0.00;0.00;0.00;0.00;180;0;0;0;0;0;0;0;0;0.00;0.00;0.00;0.00;0.00;0.00;0.00;0.00;0.00;0.00;0.00;0.00;0.00;0;0;0;0;0;0;0;0;0;3312719;NULL
2007001047;3312942;1;42851;1614025.60;1614025.60;1614025.60;0.00;0.00;0.00;0.00;0.00;0.00;0.00;0.00;0.00;0.00;134;0;0;0;0;0;0;0;0;0.00;0.00;0.00;0.00;0.00;0.00;0.00;0.00;0.00;0.00;0.00;0.00;0.00;0;0;0;0;0;0;0;0;0;3312942;NULL
1996005138;3312946;1;42853;343524259.98;343524259.98;343524259.98;0.00;0.00;0.00;0.00;0.00;0.00;0.00;0.00;0.00;0.00;185;0;0;0;0;0;0;0;0;342174131.55;342174131.55;0.00;8276313.85;333897817.70;0.00;0.00;0.00;0.00;0.00;0.00;0.00;0.00;0;185;132;0;0;0;0;0;0;3312946;NULL
1996005219;3312951;1;42856;157365703.64;157365703.64;157365703.64;0.00;0.00;0.00;0.00;0.00;0.00;0.00;0.00;0.00;0.00;93;0;0;0;0;0;0;0;0;157339662.13;157339662.13;0.00;0.00;157339662.13;0.00;0.00;0.00;0.00;0.00;0.00;0.00;0.00;0;0;93;0;0;0;0;0;0;3312951;NULL
1981000283;3314314;1;42863;0.00;0.00;0.00;0.00;0.00;0.00;0.00;0.00;0.00;0.00;0.00;0.00;0.00;0;0;0;0;0;0;0;0;0;0.00;0.00;0.00;0.00;0.00;0.00;0.00;0.00;0.00;0.00;0.00;0.00;0.00;0;0;0;0;0;0;0;0;0;3314314;NULL
1981000992;3315082;1;42873;19814441.18;19814441.18;19814441.18;0.00;0.00;0.00;0.00;0.00;0.00;0.00;0.00;0.00;0.00;88;0;0;0;0;0;0;0;0;15477133.12;15477133.12;0.00;0.00;15477133.12;0.00;0.00;0.00;0.00;0.00;0.00;0.00;0.00;0;0;88;0;0;0;0;0;0;3315082;NULL
2017001392;3315189;1;42878;26555143.98;0.00;0.00;0.00;0.00;0.00;0.00;0.00;0.00;26555143.98;26555143.98;0.00;0.00;0;0;0;0;0;0;39;0;0;0.00;0.00;0.00;0.00;0.00;0.00;0.00;0.00;0.00;0.00;0.00;0.00;0.00;0;0;0;0;0;0;0;0;0;3315189;NULL
2007000865;3316013;1;42881;379386.58;379386.58;379386.58;0.00;0.00;0.00;0.00;0.00;0.00;0.00;0.00;0.00;0.00;220;0;0;0;0;0;0;0;0;529824.00;529824.00;42676.00;422240.00;64908.00;0.00;0.00;0.00;0.00;0.00;0.00;0.00;0.00;150;196;220;0;0;0;0;0;0;3316013;NULL
1998004929;3316015;1;42883;0.00;0.00;0.00;0.00;0.00;0.00;0.00;0.00;0.00;0.00;0.00;0.00;0.00;0;0;0;0;0;0;0;0;0;0.00;0.00;0.00;0.00;0.00;0.00;0.00;0.00;0.00;0.00;0.00;0.00;0.00;0;0;0;0;0;0;0;0;0;3316015;NULL
2009001583;3316017;1;42885;0.00;0.00;0.00;0.00;0.00;0.00;0.00;0.00;0.00;0.00;0.00;0.00;0.00;0;0;0;0;0;0;0;0;0;0.00;0.00;0.00;0.00;0.00;0.00;0.00;0.00;0.00;0.00;0.00;0.00;0.00;0;0;0;0;0;0;0;0;0;3316017;NULL
1997002183;3317387;1;42917;3441227.63;3441227.63;3441227.63;0.00;0.00;0.00;0.00;0.00;0.00;0.00;0.00;0.00;0.00;169;0;0;0;0;0;0;0;0;1106997.78;1106997.78;1106997.78;0.00;0.00;0.00;0.00;0.00;0.00;0.00;0.00;0.00;0.00;168;0;0;0;0;0;0;0;0;3317387;NULL
1997003147;3317638;1;42926;0.00;0.00;0.00;0.00;0.00;0.00;0.00;0.00;0.00;0.00;0.00;0.00;0.00;0;0;0;0;0;0;0;0;0;54169110.85;54169110.85;20522833.42;0.00;33646277.43;0.00;0.00;0.00;0.00;0.00;0.00;0.00;0.00;1999;0;1999;0;0;0;0;0;0;3317638;NULL
2002000719;3328297;1;42933;0.00;0.00;0.00;0.00;0.00;0.00;0.00;0.00;0.00;0.00;0.00;0.00;0.00;0;0;0;0;0;0;0;0;0;0.00;0.00;0.00;0.00;0.00;0.00;0.00;0.00;0.00;0.00;0.00;0.00;0.00;0;0;0;0;0;0;0;0;0;3328297;NULL
1997001047;3328567;1;42937;0.00;0.00;0.00;0.00;0.00;0.00;0.00;0.00;0.00;0.00;0.00;0.00;0.00;0;0;0;0;0;0;0;0;0;0.00;0.00;0.00;0.00;0.00;0.00;0.00;0.00;0.00;0.00;0.00;0.00;0.00;0;0;0;0;0;0;0;0;0;3328567;NULL
2010003365;3328571;1;42939;364757863.99;364757863.99;364757863.99;0.00;0.00;0.00;0.00;0.00;0.00;0.00;0.00;0.00;0.00;113;0;0;0;0;0;0;0;0;0.00;0.00;0.00;0.00;0.00;0.00;0.00;0.00;0.00;0.00;0.00;0.00;0.00;0;0;0;0;0;0;0;0;0;3328571;NULL
1988002419;3328575;1;42941;188928342.58;0.00;0.00;0.00;0.00;0.00;0.00;0.00;0.00;188928342.58;188928342.58;0.00;0.00;0;0;0;0;0;0;158;0;0;0.00;0.00;0.00;0.00;0.00;0.00;0.00;0.00;0.00;0.00;0.00;0.00;0.00;0;0;0;0;0;0;0;0;0;3328575;NULL
1988001218;3328867;1;42943;890610801.39;0.00;0.00;0.00;0.00;69829805.39;69829805.39;0.00;0.00;820780996.00;820780996.00;0.00;0.00;0;0;0;51;0;0;180;0;0;29063396.72;0.00;0.00;0.00;0.00;29063396.72;29063396.72;0.00;0.00;0.00;0.00;0.00;0.00;0;0;0;51;0;0;0;0;0;3328867;NULL
1994004118;3328873;1;42945;16343277.88;16343277.88;16343277.88;0.00;0.00;0.00;0.00;0.00;0.00;0.00;0.00;0.00;0.00;178;0;0;0;0;0;0;0;0;26895642.53;26895642.53;0.00;6313293.46;20582349.07;0.00;0.00;0.00;0.00;0.00;0.00;0.00;0.00;0;178;178;0;0;0;0;0;0;3328873;NULL
1988003229;3328875;1;42947;112106.80;0.00;0.00;0.00;0.00;112106.80;112106.80;0.00;0.00;0.00;0.00;0.00;0.00;0;0;0;2;0;0;0;0;0;0.00;0.00;0.00;0.00;0.00;0.00;0.00;0.00;0.00;0.00;0.00;0.00;0.00;0;0;0;0;0;0;0;0;0;3328875;NULL
2006003992;3328888;1;42953;0.00;0.00;0.00;0.00;0.00;0.00;0.00;0.00;0.00;0.00;0.00;0.00;0.00;0;0;0;0;0;0;0;0;0;14554451.02;14554451.02;14554451.02;0.00;0.00;0.00;0.00;0.00;0.00;0.00;0.00;0.00;0.00;171;0;0;0;0;0;0;0;0;3328888;NULL
1980001529;3329108;1;42958;3563897.52;3563897.52;3563897.52;0.00;0.00;0.00;0.00;0.00;0.00;0.00;0.00;0.00;0.00;60;0;0;0;0;0;0;0;0;0.00;0.00;0.00;0.00;0.00;0.00;0.00;0.00;0.00;0.00;0.00;0.00;0.00;0;0;0;0;0;0;0;0;0;3329108;NULL
1998005674;3329114;1;42962;0.00;0.00;0.00;0.00;0.00;0.00;0.00;0.00;0.00;0.00;0.00;0.00;0.00;0;0;0;0;0;0;0;0;0;0.00;0.00;0.00;0.00;0.00;0.00;0.00;0.00;0.00;0.00;0.00;0.00;0.00;0;0;0;0;0;0;0;0;0;3329114;NULL
1990001947;3329122;1;42965;9010164.05;9010164.05;9010164.05;0.00;0.00;0.00;0.00;0.00;0.00;0.00;0.00;0.00;0.00;36;0;0;0;0;0;0;0;0;0.00;0.00;0.00;0.00;0.00;0.00;0.00;0.00;0.00;0.00;0.00;0.00;0.00;0;0;0;0;0;0;0;0;0;3329122;NULL
1998004856;3329304;1;42976;0.00;0.00;0.00;0.00;0.00;0.00;0.00;0.00;0.00;0.00;0.00;0.00;0.00;0;0;0;0;0;0;0;0;0;0.00;0.00;0.00;0.00;0.00;0.00;0.00;0.00;0.00;0.00;0.00;0.00;0.00;0;0;0;0;0;0;0;0;0;3329304;NULL
2001000847;3329590;1;42979;0.00;0.00;0.00;0.00;0.00;0.00;0.00;0.00;0.00;0.00;0.00;0.00;0.00;0;0;0;0;0;0;0;0;0;0.00;0.00;0.00;0.00;0.00;0.00;0.00;0.00;0.00;0.00;0.00;0.00;0.00;0;0;0;0;0;0;0;0;0;3329590;NULL
2000003656;3329703;1;42982;0.00;0.00;0.00;0.00;0.00;0.00;0.00;0.00;0.00;0.00;0.00;0.00;0.00;0;0;0;0;0;0;0;0;0;0.00;0.00;0.00;0.00;0.00;0.00;0.00;0.00;0.00;0.00;0.00;0.00;0.00;0;0;0;0;0;0;0;0;0;3329703;NULL
2000003974;3329707;1;42984;0.00;0.00;0.00;0.00;0.00;0.00;0.00;0.00;0.00;0.00;0.00;0.00;0.00;0;0;0;0;0;0;0;0;0;0.00;0.00;0.00;0.00;0.00;0.00;0.00;0.00;0.00;0.00;0.00;0.00;0.00;0;0;0;0;0;0;0;0;0;3329707;NULL
2008001619;3329711;1;42986;0.00;0.00;0.00;0.00;0.00;0.00;0.00;0.00;0.00;0.00;0.00;0.00;0.00;0;0;0;0;0;0;0;0;0;0.00;0.00;0.00;0.00;0.00;0.00;0.00;0.00;0.00;0.00;0.00;0.00;0.00;0;0;0;0;0;0;0;0;0;3329711;NULL
1999004256;3329717;1;42988;0.00;0.00;0.00;0.00;0.00;0.00;0.00;0.00;0.00;0.00;0.00;0.00;0.00;0;0;0;0;0;0;0;0;0;0.00;0.00;0.00;0.00;0.00;0.00;0.00;0.00;0.00;0.00;0.00;0.00;0.00;0;0;0;0;0;0;0;0;0;3329717;NULL
2000003729;3329721;1;42990;0.00;0.00;0.00;0.00;0.00;0.00;0.00;0.00;0.00;0.00;0.00;0.00;0.00;0;0;0;0;0;0;0;0;0;0.00;0.00;0.00;0.00;0.00;0.00;0.00;0.00;0.00;0.00;0.00;0.00;0.00;0;0;0;0;0;0;0;0;0;3329721;NULL
2002001065;3329725;1;42992;0.00;0.00;0.00;0.00;0.00;0.00;0.00;0.00;0.00;0.00;0.00;0.00;0.00;0;0;0;0;0;0;0;0;0;0.00;0.00;0.00;0.00;0.00;0.00;0.00;0.00;0.00;0.00;0.00;0.00;0.00;0;0;0;0;0;0;0;0;0;3329725;NULL
1994000929;3329729;1;42994;0.00;0.00;0.00;0.00;0.00;0.00;0.00;0.00;0.00;0.00;0.00;0.00;0.00;0;0;0;0;0;0;0;0;0;0.00;0.00;0.00;0.00;0.00;0.00;0.00;0.00;0.00;0.00;0.00;0.00;0.00;0;0;0;0;0;0;0;0;0;3329729;NULL
1979000247;3329739;1;42997;0.00;0.00;0.00;0.00;0.00;0.00;0.00;0.00;0.00;0.00;0.00;0.00;0.00;0;0;0;0;0;0;0;0;0;0.00;0.00;0.00;0.00;0.00;0.00;0.00;0.00;0.00;0.00;0.00;0.00;0.00;0;0;0;0;0;0;0;0;0;3329739;NULL
2010003292;3330074;1;43010;42929575.31;42929575.31;42929575.31;0.00;0.00;0.00;0.00;0.00;0.00;0.00;0.00;0.00;0.00;44;0;0;0;0;0;0;0;0;0.00;0.00;0.00;0.00;0.00;0.00;0.00;0.00;0.00;0.00;0.00;0.00;0.00;0;0;0;0;0;0;0;0;0;3330074;NULL
1983000183;3330429;1;43017;86365359.26;86365359.26;86365359.26;0.00;0.00;0.00;0.00;0.00;0.00;0.00;0.00;0.00;0.00;141;0;0;0;0;0;0;0;0;93508821.68;93508821.68;0.00;4618519.31;88890302.37;0.00;0.00;0.00;0.00;0.00;0.00;0.00;0.00;0;141;141;0;0;0;0;0;0;3330429;NULL
2021003418;3330431;1;43019;128968258.55;0.00;0.00;0.00;0.00;0.00;0.00;0.00;0.00;128968258.55;128968258.55;0.00;0.00;0;0;0;0;0;0;43;0;0;0.00;0.00;0.00;0.00;0.00;0.00;0.00;0.00;0.00;0.00;0.00;0.00;0.00;0;0;0;0;0;0;0;0;0;3330431;NULL
2009000919;3330433;1;43021;0.00;0.00;0.00;0.00;0.00;0.00;0.00;0.00;0.00;0.00;0.00;0.00;0.00;0;0;0;0;0;0;0;0;0;1165586.32;1165586.32;0.00;0.00;1165586.32;0.00;0.00;0.00;0.00;0.00;0.00;0.00;0.00;99;0;99;0;0;0;0;0;0;3330433;NULL
1986000583;3330435;1;43023;5174638.61;5174638.61;5174638.61;0.00;0.00;0.00;0.00;0.00;0.00;0.00;0.00;0.00;0.00;117;0;0;0;0;0;0;0;0;5576740.19;5576740.19;0.00;0.00;5576740.19;0.00;0.00;0.00;0.00;0.00;0.00;0.00;0.00;0;0;117;0;0;0;0;0;0;3330435;NULL
1993001719;3331086;1;43026;0.00;0.00;0.00;0.00;0.00;0.00;0.00;0.00;0.00;0.00;0.00;0.00;0.00;0;0;0;0;0;0;0;0;0;6666.45;4877.53;4877.53;0.00;0.00;1788.92;1788.92;0.00;0.00;0.00;0.00;0.00;0.00;12;0;0;7;0;0;0;0;0;3331086;NULL
2005001211;3331092;1;43030;0.00;0.00;0.00;0.00;0.00;0.00;0.00;0.00;0.00;0.00;0.00;0.00;0.00;0;0;0;0;0;0;0;0;0;0.00;0.00;0.00;0.00;0.00;0.00;0.00;0.00;0.00;0.00;0.00;0.00;0.00;0;0;0;0;0;0;0;0;0;3331092;NULL
2005000256;3331437;1;43043;0.00;0.00;0.00;0.00;0.00;0.00;0.00;0.00;0.00;0.00;0.00;0.00;0.00;0;0;0;0;0;0;0;0;0;0.00;0.00;0.00;0.00;0.00;0.00;0.00;0.00;0.00;0.00;0.00;0.00;0.00;0;0;0;0;0;0;0;0;0;3331437;NULL
1990001319;3331451;1;43045;0.00;0.00;0.00;0.00;0.00;0.00;0.00;0.00;0.00;0.00;0.00;0.00;0.00;0;0;0;0;0;0;0;0;0;0.00;0.00;0.00;0.00;0.00;0.00;0.00;0.00;0.00;0.00;0.00;0.00;0.00;0;0;0;0;0;0;0;0;0;3331451;NULL
2008001474;3331455;1;43051;0.00;0.00;0.00;0.00;0.00;0.00;0.00;0.00;0.00;0.00;0.00;0.00;0.00;0;0;0;0;0;0;0;0;0;0.00;0.00;0.00;0.00;0.00;0.00;0.00;0.00;0.00;0.00;0.00;0.00;0.00;0;0;0;0;0;0;0;0;0;3331455;NULL
2005001074;3331465;1;43054;21238082.77;21238082.77;21238082.77;0.00;0.00;0.00;0.00;0.00;0.00;0.00;0.00;0.00;0.00;131;0;0;0;0;0;0;0;0;0.00;0.00;0.00;0.00;0.00;0.00;0.00;0.00;0.00;0.00;0.00;0.00;0.00;0;0;0;0;0;0;0;0;0;3331465;NULL
1996004883;3331664;1;43058;0.00;0.00;0.00;0.00;0.00;0.00;0.00;0.00;0.00;0.00;0.00;0.00;0.00;0;0;0;0;0;0;0;0;0;0.00;0.00;0.00;0.00;0.00;0.00;0.00;0.00;0.00;0.00;0.00;0.00;0.00;0;0;0;0;0;0;0;0;0;3331664;NULL
2008000192;3331976;1;43066;0.00;0.00;0.00;0.00;0.00;0.00;0.00;0.00;0.00;0.00;0.00;0.00;0.00;0;0;0;0;0;0;0;0;0;13330699.49;13330699.49;13330699.49;0.00;0.00;0.00;0.00;0.00;0.00;0.00;0.00;0.00;0.00;371;0;0;0;0;0;0;0;0;3331976;NULL
1982000538;3331990;1;43086;0.00;0.00;0.00;0.00;0.00;0.00;0.00;0.00;0.00;0.00;0.00;0.00;0.00;0;0;0;0;0;0;0;0;0;51419118.60;44895107.09;0.00;97722.62;44797384.47;577220.91;0.00;577220.91;0.00;5946790.60;0.00;0.00;5946790.60;0;144;144;0;132;0;0;0;182;3331990;NULL
1989000819;3332404;1;43096;0.00;0.00;0.00;0.00;0.00;0.00;0.00;0.00;0.00;0.00;0.00;0.00;0.00;0;0;0;0;0;0;0;0;0;0.00;0.00;0.00;0.00;0.00;0.00;0.00;0.00;0.00;0.00;0.00;0.00;0.00;0;0;0;0;0;0;0;0;0;3332404;NULL
1981001174;3332406;1;43098;0.00;0.00;0.00;0.00;0.00;0.00;0.00;0.00;0.00;0.00;0.00;0.00;0.00;0;0;0;0;0;0;0;0;0;0.00;0.00;0.00;0.00;0.00;0.00;0.00;0.00;0.00;0.00;0.00;0.00;0.00;0;0;0;0;0;0;0;0;0;3332406;NULL
1978000456;3332735;1;43113;0.00;0.00;0.00;0.00;0.00;0.00;0.00;0.00;0.00;0.00;0.00;0.00;0.00;0;0;0;0;0;0;0;0;0;152718405.19;50380477.90;24730989.54;672315.34;24977173.02;102337927.29;102337927.29;0.00;0.00;0.00;0.00;0.00;0.00;143;143;143;0;0;0;0;0;0;3332735;NULL
1971000183;3332737;1;43115;958228.67;958228.67;958228.67;0.00;0.00;0.00;0.00;0.00;0.00;0.00;0.00;0.00;0.00;1;0;0;0;0;0;0;0;0;0.00;0.00;0.00;0.00;0.00;0.00;0.00;0.00;0.00;0.00;0.00;0.00;0.00;0;0;0;0;0;0;0;0;0;3332737;NULL
2002000311;3332739;1;43117;1171671.71;1171671.71;1171671.71;0.00;0.00;0.00;0.00;0.00;0.00;0.00;0.00;0.00;0.00;12;0;0;0;0;0;0;0;0;36600429.57;47984698.64;17320246.24;15187080.00;15477372.40;0.00;0.00;0.00;0.00;-11384269.07;0.00;-11269828.22;-114440.85;174;174;174;0;0;0;0;12;12;3332739;NULL
1998006174;3332741;1;43119;11468216.31;11468216.31;11468216.31;0.00;0.00;0.00;0.00;0.00;0.00;0.00;0.00;0.00;0.00;106;0;0;0;0;0;0;0;0;16165998.56;16165998.56;0.00;0.00;16165998.56;0.00;0.00;0.00;0.00;0.00;0.00;0.00;0.00;0;0;172;0;0;0;0;0;0;3332741;NULL
1979002118;3332743;1;43121;186761493.50;186761493.50;186761493.50;0.00;0.00;0.00;0.00;0.00;0.00;0.00;0.00;0.00;0.00;157;0;0;0;0;0;0;0;0;786088964.61;786088964.61;0.00;1044012.34;785044952.27;0.00;0.00;0.00;0.00;0.00;0.00;0.00;0.00;0;157;157;0;0;0;0;0;0;3332743;NULL
1988000718;3332749;1;43127;0.00;0.00;0.00;0.00;0.00;0.00;0.00;0.00;0.00;0.00;0.00;0.00;0.00;0;0;0;0;0;0;0;0;0;0.00;0.00;0.00;0.00;0.00;0.00;0.00;0.00;0.00;0.00;0.00;0.00;0.00;0;0;0;0;0;0;0;0;0;3332749;NULL
1998000818;3332751;1;43129;0.00;0.00;0.00;0.00;0.00;0.00;0.00;0.00;0.00;0.00;0.00;0.00;0.00;0;0;0;0;0;0;0;0;0;0.00;0.00;0.00;0.00;0.00;0.00;0.00;0.00;0.00;0.00;0.00;0.00;0.00;0;0;0;0;0;0;0;0;0;3332751;NULL
1998000974;3332753;1;43131;0.00;0.00;0.00;0.00;0.00;0.00;0.00;0.00;0.00;0.00;0.00;0.00;0.00;0;0;0;0;0;0;0;0;0;0.00;0.00;0.00;0.00;0.00;0.00;0.00;0.00;0.00;0.00;0.00;0.00;0.00;0;0;0;0;0;0;0;0;0;3332753;NULL
1999002865;3332755;1;43134;0.00;0.00;0.00;0.00;0.00;0.00;0.00;0.00;0.00;0.00;0.00;0.00;0.00;0;0;0;0;0;0;0;0;0;0.00;0.00;0.00;0.00;0.00;0.00;0.00;0.00;0.00;0.00;0.00;0.00;0.00;0;0;0;0;0;0;0;0;0;3332755;NULL
1999002938;3332757;1;43137;0.00;0.00;0.00;0.00;0.00;0.00;0.00;0.00;0.00;0.00;0.00;0.00;0.00;0;0;0;0;0;0;0;0;0;0.00;0.00;0.00;0.00;0.00;0.00;0.00;0.00;0.00;0.00;0.00;0.00;0.00;0;0;0;0;0;0;0;0;0;3332757;NULL
1982002883;3332771;1;43144;0.00;0.00;0.00;0.00;0.00;0.00;0.00;0.00;0.00;0.00;0.00;0.00;0.00;0;0;0;0;0;0;0;0;0;7677.25;0.00;0.00;0.00;0.00;7677.25;0.00;7677.25;0.00;0.00;0.00;0.00;0.00;0;0;0;0;0;0;0;0;0;3332771;NULL
2014001383;3332773;1;43146;5979629.43;5979629.43;5979629.43;0.00;0.00;0.00;0.00;0.00;0.00;0.00;0.00;0.00;0.00;132;0;0;0;0;0;0;0;0;10260005.94;10260005.94;0.00;7350.15;10252655.79;0.00;0.00;0.00;0.00;0.00;0.00;0.00;0.00;0;175;175;0;0;0;0;0;0;3332773;NULL
1994001518;3332777;1;43149;282093.41;282093.41;282093.41;0.00;0.00;0.00;0.00;0.00;0.00;0.00;0.00;0.00;0.00;0;0;0;0;0;0;0;0;0;1937233.19;1937233.19;464021.16;63505.80;1409706.23;0.00;0.00;0.00;0.00;0.00;0.00;0.00;0.00;132;261;261;0;0;0;0;0;0;3332777;NULL
2000007856;3332783;1;43153;0.00;0.00;0.00;0.00;0.00;0.00;0.00;0.00;0.00;0.00;0.00;0.00;0.00;0;0;0;0;0;0;0;0;0;331383.30;0.00;0.00;0.00;0.00;331383.30;165691.65;165691.65;0.00;0.00;0.00;0.00;0.00;0;0;0;12;12;0;0;0;0;3332783;NULL
1999002083;3332785;1;43156;0.00;0.00;0.00;0.00;0.00;0.00;0.00;0.00;0.00;0.00;0.00;0.00;0.00;0;0;0;0;0;0;0;0;0;0.00;0.00;0.00;0.00;0.00;0.00;0.00;0.00;0.00;0.00;0.00;0.00;0.00;0;0;0;0;0;0;0;0;0;3332785;NULL
1991001411;3333524;1;43165;0.00;0.00;0.00;0.00;0.00;0.00;0.00;0.00;0.00;0.00;0.00;0.00;0.00;0;0;0;0;0;0;0;0;0;0.00;0.00;0.00;0.00;0.00;0.00;0.00;0.00;0.00;0.00;0.00;0.00;0.00;0;0;0;0;0;0;0;0;0;3333524;NULL
1987001011;3334122;1;43171;0.00;0.00;0.00;0.00;0.00;0.00;0.00;0.00;0.00;0.00;0.00;0.00;0.00;0;0;0;0;0;0;0;0;0;0.00;0.00;0.00;0.00;0.00;0.00;0.00;0.00;0.00;0.00;0.00;0.00;0.00;0;0;0;0;0;0;0;0;0;3334122;NULL
1987001192;3334124;1;43173;0.00;0.00;0.00;0.00;0.00;0.00;0.00;0.00;0.00;0.00;0.00;0.00;0.00;0;0;0;0;0;0;0;0;0;1960356.35;1960356.35;0.00;0.00;1960356.35;0.00;0.00;0.00;0.00;0.00;0.00;0.00;0.00;0;0;135;0;0;0;0;0;0;3334124;NULL
1987001265;3334126;1;43175;0.00;0.00;0.00;0.00;0.00;0.00;0.00;0.00;0.00;0.00;0.00;0.00;0.00;0;0;0;0;0;0;0;0;0;8675560.88;8675560.88;0.00;0.00;8675560.88;0.00;0.00;0.00;0.00;0.00;0.00;0.00;0.00;0;0;60;0;0;0;0;0;0;3334126;NULL
1987001811;3334128;1;43177;0.00;0.00;0.00;0.00;0.00;0.00;0.00;0.00;0.00;0.00;0.00;0.00;0.00;0;0;0;0;0;0;0;0;0;0.00;0.00;0.00;0.00;0.00;0.00;0.00;0.00;0.00;0.00;0.00;0.00;0.00;0;0;0;0;0;0;0;0;0;3334128;NULL
1988002656;3334130;1;43179;0.00;0.00;0.00;0.00;0.00;0.00;0.00;0.00;0.00;0.00;0.00;0.00;0.00;0;0;0;0;0;0;0;0;0;0.00;0.00;0.00;0.00;0.00;0.00;0.00;0.00;0.00;0.00;0.00;0.00;0.00;0;0;0;0;0;0;0;0;0;3334130;NULL
2006003038;3334140;1;43186;0.00;0.00;0.00;0.00;0.00;0.00;0.00;0.00;0.00;0.00;0.00;0.00;0.00;0;0;0;0;0;0;0;0;0;0.00;0.00;0.00;0.00;0.00;0.00;0.00;0.00;0.00;0.00;0.00;0.00;0.00;0;0;0;0;0;0;0;0;0;3334140;NULL
1994004274;3334164;1;43193;0.00;0.00;0.00;0.00;0.00;0.00;0.00;0.00;0.00;0.00;0.00;0.00;0.00;0;0;0;0;0;0;0;0;0;0.00;0.00;0.00;0.00;0.00;0.00;0.00;0.00;0.00;0.00;0.00;0.00;0.00;0;0;0;0;0;0;0;0;0;3334164;NULL
1999000447;3334174;1;43196;281552466.38;281552466.38;281552466.38;0.00;0.00;0.00;0.00;0.00;0.00;0.00;0.00;0.00;0.00;195;0;0;0;0;0;0;0;0;91503003.38;91503003.38;13330831.83;2570787.30;75601384.25;0.00;0.00;0.00;0.00;0.00;0.00;0.00;0.00;195;249;249;0;0;0;0;0;0;3334174;NULL
2014001219;3334176;1;43198;0.00;0.00;0.00;0.00;0.00;0.00;0.00;0.00;0.00;0.00;0.00;0.00;0.00;0;0;0;0;0;0;0;0;0;17752332.13;17752332.13;17752332.13;0.00;0.00;0.00;0.00;0.00;0.00;0.00;0.00;0.00;0.00;168;0;0;0;0;0;0;0;0;3334176;NULL
2006001574;3334450;1;43205;0.00;0.00;0.00;0.00;0.00;0.00;0.00;0.00;0.00;0.00;0.00;0.00;0.00;0;0;0;0;0;0;0;0;0;33457666.71;33457666.71;101251.83;871285.28;32485129.60;0.00;0.00;0.00;0.00;0.00;0.00;0.00;0.00;143;143;143;0;0;0;0;0;0;3334450;NULL
2000005683;3334452;1;43207;0.00;0.00;0.00;0.00;0.00;0.00;0.00;0.00;0.00;0.00;0.00;0.00;0.00;0;0;0;0;0;0;0;0;0;18887.90;18887.90;9443.95;0.00;9443.95;0.00;0.00;0.00;0.00;0.00;0.00;0.00;0.00;132;0;132;0;0;0;0;0;0;3334452;NULL
1997002711;3334663;1;43215;0.00;0.00;0.00;0.00;0.00;0.00;0.00;0.00;0.00;0.00;0.00;0.00;0.00;0;0;0;0;0;0;0;0;0;0.00;0.00;0.00;0.00;0.00;0.00;0.00;0.00;0.00;0.00;0.00;0.00;0.00;0;0;0;0;0;0;0;0;0;3334663;NULL
1993000119;3334667;1;43217;0.00;0.00;0.00;0.00;0.00;0.00;0.00;0.00;0.00;0.00;0.00;0.00;0.00;0;0;0;0;0;0;0;0;0;63958053.86;63958053.86;33411642.85;5928122.71;24618288.30;0.00;0.00;0.00;0.00;0.00;0.00;0.00;0.00;140;140;140;0;0;0;0;0;0;3334667;NULL
1997002892;3334671;1;43219;614402711.37;524109506.32;524109506.32;0.00;0.00;90293205.05;90293205.05;0.00;0.00;0.00;0.00;0.00;0.00;110;0;0;6;0;0;0;0;0;0.00;0.00;0.00;0.00;0.00;0.00;0.00;0.00;0.00;0.00;0.00;0.00;0.00;0;0;0;0;0;0;0;0;0;3334671;NULL
1994003065;3334679;1;43223;18906914.66;2023706.51;2023706.51;0.00;0.00;16883208.15;16883208.15;0.00;0.00;0.00;0.00;0.00;0.00;13;0;0;13;0;0;0;0;0;8619357.10;8619357.10;1897982.43;0.00;6721374.67;0.00;0.00;0.00;0.00;0.00;0.00;0.00;0.00;13;0;13;0;0;0;0;0;0;3334679;NULL
1994004411;3334683;1;43225;725463.63;222280.65;222280.65;0.00;0.00;503182.98;503182.98;0.00;0.00;0.00;0.00;0.00;0.00;13;0;0;13;0;0;0;0;0;667426.31;667426.31;0.00;0.00;667426.31;0.00;0.00;0.00;0.00;0.00;0.00;0.00;0.00;0;0;140;0;0;0;0;0;0;3334683;NULL
1997000318;3334691;1;43229;0.00;0.00;0.00;0.00;0.00;0.00;0.00;0.00;0.00;0.00;0.00;0.00;0.00;0;0;0;0;0;0;0;0;0;23168908.83;23168908.83;391323.21;10405.21;22767180.41;0.00;0.00;0.00;0.00;0.00;0.00;0.00;0.00;1;95;95;0;0;0;0;0;0;3334691;NULL
2010002474;3334729;1;43238;21802840.95;21802840.95;21802840.95;0.00;0.00;0.00;0.00;0.00;0.00;0.00;0.00;0.00;0.00;132;0;0;0;0;0;0;0;0;56747089.53;56747089.53;0.00;5858166.91;50888922.62;0.00;0.00;0.00;0.00;0.00;0.00;0.00;0.00;0;181;181;0;0;0;0;0;0;3334729;NULL
2011000556;3334920;1;43250;149962345.25;135738623.70;135738623.70;0.00;0.00;0.00;0.00;0.00;0.00;14223721.55;14223721.55;0.00;0.00;135;0;0;0;0;0;133;0;0;184117308.31;184117308.31;19379176.73;0.00;164738131.58;0.00;0.00;0.00;0.00;0.00;0.00;0.00;0.00;143;0;143;0;0;0;0;0;0;3334920;NULL
2005006483;3335042;1;43261;2937547.97;2937547.97;2937547.97;0.00;0.00;0.00;0.00;0.00;0.00;0.00;0.00;0.00;0.00;171;0;0;0;0;0;0;0;0;3544756.39;3544756.39;0.00;205902.51;3338853.88;0.00;0.00;0.00;0.00;0.00;0.00;0.00;0.00;0;171;171;0;0;0;0;0;0;3335042;NULL
2009003683;3335050;1;43266;42139810.30;42139810.30;42139810.30;0.00;0.00;0.00;0.00;0.00;0.00;0.00;0.00;0.00;0.00;341;0;0;0;0;0;0;0;0;31486172.76;31486172.76;31486172.76;0.00;0.00;0.00;0.00;0.00;0.00;0.00;0.00;0.00;0.00;341;0;0;0;0;0;0;0;0;3335050;NULL
1980001774;3335765;1;43277;8525513.54;8525513.54;8525513.54;0.00;0.00;0.00;0.00;0.00;0.00;0.00;0.00;0.00;0.00;100;0;0;0;0;0;0;0;0;5779194.89;5779194.89;5779194.89;0.00;0.00;0.00;0.00;0.00;0.00;0.00;0.00;0.00;0.00;100;0;0;0;0;0;0;0;0;3335765;NULL
1988000165;3335767;1;43284;4804928.13;4804928.13;4804928.13;0.00;0.00;0.00;0.00;0.00;0.00;0.00;0.00;0.00;0.00;136;0;0;0;0;0;0;0;0;0.00;0.00;0.00;0.00;0.00;0.00;0.00;0.00;0.00;0.00;0.00;0.00;0.00;0;0;0;0;0;0;0;0;0;3335767;NULL
1988001838;3335769;1;43289;0.00;0.00;0.00;0.00;0.00;0.00;0.00;0.00;0.00;0.00;0.00;0.00;0.00;0;0;0;0;0;0;0;0;0;29567195.86;29567195.86;29567195.86;0.00;0.00;0.00;0.00;0.00;0.00;0.00;0.00;0.00;0.00;192;0;0;0;0;0;0;0;0;3335769;NULL
1999002792;3335779;1;43293;0.00;0.00;0.00;0.00;0.00;0.00;0.00;0.00;0.00;0.00;0.00;0.00;0.00;0;0;0;0;0;0;0;0;0;0.00;0.00;0.00;0.00;0.00;0.00;0.00;0.00;0.00;0.00;0.00;0.00;0.00;0;0;0;0;0;0;0;0;0;3335779;NULL
1999002474;3335803;1;43304;0.00;0.00;0.00;0.00;0.00;0.00;0.00;0.00;0.00;0.00;0.00;0.00;0.00;0;0;0;0;0;0;0;0;0;290472.85;0.00;0.00;0.00;0.00;290472.85;0.00;290472.85;0.00;0.00;0.00;0.00;0.00;0;0;0;0;252;0;0;0;0;3335803;NULL
1979003629;3336494;1;43320;0.00;0.00;0.00;0.00;0.00;0.00;0.00;0.00;0.00;0.00;0.00;0.00;0.00;0;0;0;0;0;0;0;0;0;179876644.00;179876644.00;71801349.00;24153836.00;83921459.00;0.00;0.00;0.00;0.00;0.00;0.00;0.00;0.00;217;217;217;0;0;0;0;0;0;3336494;NULL
2011000165;3336496;1;43322;0.00;0.00;0.00;0.00;0.00;0.00;0.00;0.00;0.00;0.00;0.00;0.00;0.00;0;0;0;0;0;0;0;0;0;42024.14;42024.14;21012.07;0.00;21012.07;0.00;0.00;0.00;0.00;0.00;0.00;0.00;0.00;259;0;259;0;0;0;0;0;0;3336496;NULL
2010003438;3336500;1;43325;0.00;0.00;0.00;0.00;0.00;0.00;0.00;0.00;0.00;0.00;0.00;0.00;0.00;0;0;0;0;0;0;0;0;0;0.00;0.00;0.00;0.00;0.00;0.00;0.00;0.00;0.00;0.00;0.00;0.00;0.00;0;0;0;0;0;0;0;0;0;3336500;NULL
1980002274;3336712;1;43332;112005398.32;112005398.32;112005398.32;0.00;0.00;0.00;0.00;0.00;0.00;0.00;0.00;0.00;0.00;149;0;0;0;0;0;0;0;0;28082885.67;28082885.67;28082885.67;0.00;0.00;0.00;0.00;0.00;0.00;0.00;0.00;0.00;0.00;118;0;0;0;0;0;0;0;0;3336712;NULL
2011000947;3336720;1;43334;0.00;0.00;0.00;0.00;0.00;0.00;0.00;0.00;0.00;0.00;0.00;0.00;0.00;0;0;0;0;0;0;0;0;0;2122834.86;1710761.03;1710761.03;0.00;0.00;412073.83;412073.83;0.00;0.00;0.00;0.00;0.00;0.00;107;0;0;125;0;0;0;0;0;3336720;NULL
2011000629;3336726;1;43336;0.00;0.00;0.00;0.00;0.00;0.00;0.00;0.00;0.00;0.00;0.00;0.00;0.00;0;0;0;0;0;0;0;0;0;8171086.21;7799695.10;7799695.10;0.00;0.00;371391.11;371391.11;0.00;0.00;0.00;0.00;0.00;0.00;50;0;0;111;0;0;0;0;0;3336726;NULL
2010000374;3336732;1;43340;0.00;0.00;0.00;0.00;0.00;0.00;0.00;0.00;0.00;0.00;0.00;0.00;0.00;0;0;0;0;0;0;0;0;0;0.00;0.00;0.00;0.00;0.00;0.00;0.00;0.00;0.00;0.00;0.00;0.00;0.00;0;0;0;0;0;0;0;0;0;3336732;NULL
2003001638;3336734;1;43342;0.00;0.00;0.00;0.00;0.00;0.00;0.00;0.00;0.00;0.00;0.00;0.00;0.00;0;0;0;0;0;0;0;0;0;0.00;0.00;0.00;0.00;0.00;0.00;0.00;0.00;0.00;0.00;0.00;0.00;0.00;0;0;0;0;0;0;0;0;0;3336734;NULL
1988001129;3336736;1;43345;0.00;0.00;0.00;0.00;0.00;0.00;0.00;0.00;0.00;0.00;0.00;0.00;0.00;0;0;0;0;0;0;0;0;0;0.00;0.00;0.00;0.00;0.00;0.00;0.00;0.00;0.00;0.00;0.00;0.00;0.00;0;0;0;0;0;0;0;0;0;3336736;NULL
2002000565;3336801;1;43353;960027.97;960027.97;960027.97;0.00;0.00;0.00;0.00;0.00;0.00;0.00;0.00;0.00;0.00;22;0;0;0;0;0;0;0;0;8122671.98;8122671.98;3103945.35;0.00;5018726.63;0.00;0.00;0.00;0.00;0.00;0.00;0.00;0.00;132;0;154;0;0;0;0;0;0;3336801;NULL
1988003156;3336926;1;43356;13936212.72;13936212.72;13936212.72;0.00;0.00;0.00;0.00;0.00;0.00;0.00;0.00;0.00;0.00;130;0;0;0;0;0;0;0;0;3124769.33;3124769.33;3124769.33;0.00;0.00;0.00;0.00;0.00;0.00;0.00;0.00;0.00;0.00;12;0;0;0;0;0;0;0;0;3336926;NULL
1982003065;3337183;1;43365;276397654.62;276397654.62;276397654.62;0.00;0.00;0.00;0.00;0.00;0.00;0.00;0.00;0.00;0.00;166;0;0;0;0;0;0;0;0;0.00;0.00;0.00;0.00;0.00;0.00;0.00;0.00;0.00;0.00;0.00;0.00;0.00;0;0;0;0;0;0;0;0;0;3337183;NULL
2010002083;3337185;1;43367;0.00;0.00;0.00;0.00;0.00;0.00;0.00;0.00;0.00;0.00;0.00;0.00;0.00;0;0;0;0;0;0;0;0;0;5161984.49;0.00;0.00;0.00;0.00;5161984.49;5161984.49;0.00;0.00;0.00;0.00;0.00;0.00;0;0;0;68;0;0;0;0;0;3337185;NULL
2007002256;3337427;1;43381;0.00;0.00;0.00;0.00;0.00;0.00;0.00;0.00;0.00;0.00;0.00;0.00;0.00;0;0;0;0;0;0;0;0;0;47305.57;47305.57;0.00;47305.57;0.00;0.00;0.00;0.00;0.00;0.00;0.00;0.00;0.00;0;228;0;0;0;0;0;0;0;3337427;NULL
2003000283;3337488;1;43395;0.00;0.00;0.00;0.00;0.00;0.00;0.00;0.00;0.00;0.00;0.00;0.00;0.00;0;0;0;0;0;0;0;0;0;0.00;0.00;0.00;0.00;0.00;0.00;0.00;0.00;0.00;0.00;0.00;0.00;0.00;0;0;0;0;0;0;0;0;0;3337488;NULL
1980001618;3337912;1;43407;0.00;0.00;0.00;0.00;0.00;0.00;0.00;0.00;0.00;0.00;0.00;0.00;0.00;0;0;0;0;0;0;0;0;0;108155539.48;108155539.48;54077769.74;11618700.57;42459069.17;0.00;0.00;0.00;0.00;0.00;0.00;0.00;0.00;102;102;102;0;0;0;0;0;0;3337912;NULL
1999003756;3337920;1;43416;0.00;0.00;0.00;0.00;0.00;0.00;0.00;0.00;0.00;0.00;0.00;0.00;0.00;0;0;0;0;0;0;0;0;0;0.00;0.00;0.00;0.00;0.00;0.00;0.00;0.00;0.00;0.00;0.00;0.00;0.00;0;0;0;0;0;0;0;0;0;3337920;NULL
1992000565;3337942;1;43431;3967633.11;3967633.11;3967633.11;0.00;0.00;0.00;0.00;0.00;0.00;0.00;0.00;0.00;0.00;168;0;0;0;0;0;0;0;0;0.00;0.00;0.00;0.00;0.00;0.00;0.00;0.00;0.00;0.00;0.00;0.00;0.00;0;0;0;0;0;0;0;0;0;3337942;NULL
1978000219;3337960;1;43441;2185892.98;2185892.98;2185892.98;0.00;0.00;0.00;0.00;0.00;0.00;0.00;0.00;0.00;0.00;23;0;0;0;0;0;0;0;0;4388757.10;4388757.10;0.00;4372703.70;16053.40;0.00;0.00;0.00;0.00;0.00;0.00;0.00;0.00;0;23;22;0;0;0;0;0;0;3337960;NULL
2022001656;3338674;1;43454;220402601.96;220402601.96;220402601.96;0.00;0.00;0.00;0.00;0.00;0.00;0.00;0.00;0.00;0.00;137;0;0;0;0;0;0;0;0;175888642.24;175888642.24;85036519.53;39803046.14;51049076.57;0.00;0.00;0.00;0.00;0.00;0.00;0.00;0.00;1116;1116;1116;0;0;0;0;0;0;3338674;NULL
2022001729;3338678;1;43458;41583817.45;41583817.45;41583817.45;0.00;0.00;0.00;0.00;0.00;0.00;0.00;0.00;0.00;0.00;137;0;0;0;0;0;0;0;0;43339317.83;43339317.83;20953170.71;8570977.16;13815169.96;0.00;0.00;0.00;0.00;0.00;0.00;0.00;0.00;1116;1116;1116;0;0;0;0;0;0;3338678;NULL
1992001529;3338714;1;43474;779097.70;779097.70;779097.70;0.00;0.00;0.00;0.00;0.00;0.00;0.00;0.00;0.00;0.00;116;0;0;0;0;0;0;0;0;0.00;0.00;0.00;0.00;0.00;0.00;0.00;0.00;0.00;0.00;0.00;0.00;0.00;0;0;0;0;0;0;0;0;0;3338714;NULL
1991002483;3338722;1;43477;0.00;0.00;0.00;0.00;0.00;0.00;0.00;0.00;0.00;0.00;0.00;0.00;0.00;0;0;0;0;0;0;0;0;0;14916631.01;14916631.01;14916631.01;0.00;0.00;0.00;0.00;0.00;0.00;0.00;0.00;0.00;0.00;162;0;0;0;0;0;0;0;0;3338722;NULL
1993002529;3338738;1;43487;0.00;0.00;0.00;0.00;0.00;0.00;0.00;0.00;0.00;0.00;0.00;0.00;0.00;0;0;0;0;0;0;0;0;0;2323335.44;2323335.44;2323335.44;0.00;0.00;0.00;0.00;0.00;0.00;0.00;0.00;0.00;0.00;1;0;0;0;0;0;0;0;0;3338738;NULL
2022000765;3338752;1;43491;497694665.35;497694665.35;497694665.35;0.00;0.00;0.00;0.00;0.00;0.00;0.00;0.00;0.00;0.00;137;0;0;0;0;0;0;0;0;443318634.08;443318634.08;214330346.77;28337384.28;200650903.03;0.00;0.00;0.00;0.00;0.00;0.00;0.00;0.00;1116;1116;1116;0;0;0;0;0;0;3338752;NULL
2022001818;3338756;1;43493;66108372.78;66108372.78;66108372.78;0.00;0.00;0.00;0.00;0.00;0.00;0.00;0.00;0.00;0.00;137;0;0;0;0;0;0;0;0;57505984.76;57505984.76;27802299.99;13295127.85;16408556.92;0.00;0.00;0.00;0.00;0.00;0.00;0.00;0.00;1116;1116;1116;0;0;0;0;0;0;3338756;NULL
1974000265;3339241;1;43507;119568406.79;83437203.10;83437203.10;0.00;0.00;169868.96;169868.96;0.00;0.00;35961334.73;35961334.73;0.00;0.00;214;0;0;1;0;0;103;0;0;83437203.10;83437203.10;0.00;13958857.25;69478345.85;0.00;0.00;0.00;0.00;0.00;0.00;0.00;0.00;0;214;214;0;0;0;0;0;0;3339241;NULL
1979004511;3339245;1;43512;60507721.46;60507721.46;60507721.46;0.00;0.00;0.00;0.00;0.00;0.00;0.00;0.00;0.00;0.00;222;0;0;0;0;0;0;0;0;59466785.44;59466785.44;0.00;6838575.15;52628210.29;0.00;0.00;0.00;0.00;0.00;0.00;0.00;0.00;0;222;222;0;0;0;0;0;0;3339245;NULL
1978000138;3339251;1;43516;894015781.61;894015781.61;894015781.61;0.00;0.00;0.00;0.00;0.00;0.00;0.00;0.00;0.00;0.00;149;0;0;0;0;0;0;0;0;1277146585.54;1277146585.54;191565401.96;69526037.62;1016055145.96;0.00;0.00;0.00;0.00;0.00;0.00;0.00;0.00;149;149;149;0;0;0;0;0;0;3339251;NULL
1979003874;3339257;1;43519;377660317.10;377660317.10;377660317.10;0.00;0.00;0.00;0.00;0.00;0.00;0.00;0.00;0.00;0.00;263;0;0;0;0;0;0;0;0;386935792.62;386935792.62;59167359.25;94498436.64;233269996.73;0.00;0.00;0.00;0.00;0.00;0.00;0.00;0.00;63;1176;1176;0;0;0;0;0;0;3339257;NULL
1999000374;3339848;1;43531;109920483.40;109920483.40;109920483.40;0.00;0.00;0.00;0.00;0.00;0.00;0.00;0.00;0.00;0.00;75;0;0;0;0;0;0;0;0;70236.41;148396.59;148396.59;0.00;0.00;0.00;0.00;0.00;0.00;-78160.18;-78160.18;0.00;0.00;75;0;0;0;0;0;0;0;0;3339848;NULL
1989000738;3339854;1;43534;46038334.89;46038334.89;46038334.89;0.00;0.00;0.00;0.00;0.00;0.00;0.00;0.00;0.00;0.00;98;0;0;0;0;0;0;0;0;21925680.06;21925680.06;21925680.06;0.00;0.00;0.00;0.00;0.00;0.00;0.00;0.00;0.00;0.00;223;0;0;0;0;0;0;0;0;3339854;NULL
1996001647;3339868;1;43540;0.00;0.00;0.00;0.00;0.00;0.00;0.00;0.00;0.00;0.00;0.00;0.00;0.00;0;0;0;0;0;0;0;0;0;0.00;0.00;0.00;0.00;0.00;0.00;0.00;0.00;0.00;0.00;0.00;0.00;0.00;0;0;0;0;0;0;0;0;0;3339868;NULL
1998002829;3340964;1;43556;209009560.84;209009560.84;209009560.84;0.00;0.00;0.00;0.00;0.00;0.00;0.00;0.00;0.00;0.00;182;0;0;0;0;0;0;0;0;0.00;0.00;0.00;0.00;0.00;0.00;0.00;0.00;0.00;0.00;0.00;0.00;0.00;0;0;0;0;0;0;0;0;0;3340964;NULL
1990002129;3340966;1;43558;27751996.93;27751996.93;27751996.93;0.00;0.00;0.00;0.00;0.00;0.00;0.00;0.00;0.00;0.00;199;0;0;0;0;0;0;0;0;0.00;0.00;0.00;0.00;0.00;0.00;0.00;0.00;0.00;0.00;0.00;0.00;0.00;0;0;0;0;0;0;0;0;0;3340966;NULL
1991001347;3340974;1;43574;0.00;0.00;0.00;0.00;0.00;0.00;0.00;0.00;0.00;0.00;0.00;0.00;0.00;0;0;0;0;0;0;0;0;0;0.00;0.00;0.00;0.00;0.00;0.00;0.00;0.00;0.00;0.00;0.00;0.00;0.00;0;0;0;0;0;0;0;0;0;3340974;NULL
2006001647;3340988;1;43580;1069423.83;1069423.83;1069423.83;0.00;0.00;0.00;0.00;0.00;0.00;0.00;0.00;0.00;0.00;133;0;0;0;0;0;0;0;0;0.00;0.00;0.00;0.00;0.00;0.00;0.00;0.00;0.00;0.00;0.00;0.00;0.00;0;0;0;0;0;0;0;0;0;3340988;NULL
2007003465;3340990;1;43586;0.00;0.00;0.00;0.00;0.00;0.00;0.00;0.00;0.00;0.00;0.00;0.00;0.00;0;0;0;0;0;0;0;0;0;0.00;0.00;0.00;0.00;0.00;0.00;0.00;0.00;0.00;0.00;0.00;0.00;0.00;0;0;0;0;0;0;0;0;0;3340990;NULL
2022001192;3341192;1;43588;84308459.91;84308459.91;84308459.91;0.00;0.00;0.00;0.00;0.00;0.00;0.00;0.00;0.00;0.00;137;0;0;0;0;0;0;0;0;68192042.26;68192042.26;32968666.19;713468.40;34509907.67;0.00;0.00;0.00;0.00;0.00;0.00;0.00;0.00;1116;1116;1116;0;0;0;0;0;0;3341192;NULL
1981000429;3342378;1;43612;7699142161.50;7699142161.50;7699142161.50;0.00;0.00;0.00;0.00;0.00;0.00;0.00;0.00;0.00;0.00;0;0;0;0;0;0;0;0;0;5480489716.54;5480489716.54;0.00;1265614683.12;4214875033.42;0.00;0.00;0.00;0.00;0.00;0.00;0.00;0.00;0;0;0;0;0;0;0;0;0;3342378;NULL
1979003092;3342382;1;43616;50562026.06;50562026.06;50562026.06;0.00;0.00;0.00;0.00;0.00;0.00;0.00;0.00;0.00;0.00;203;0;0;0;0;0;0;0;0;53322811.22;53322811.22;35591602.78;6538320.76;11192887.68;0.00;0.00;0.00;0.00;0.00;0.00;0.00;0.00;238;238;238;0;0;0;0;0;0;3342382;NULL
1979002819;3342384;1;43619;68075153.81;68075153.81;68075153.81;0.00;0.00;0.00;0.00;0.00;0.00;0.00;0.00;0.00;0.00;183;0;0;0;0;0;0;0;0;24177476.85;24177476.85;5223331.24;217991.94;18736153.67;0.00;0.00;0.00;0.00;0.00;0.00;0.00;0.00;232;123;232;0;0;0;0;0;0;3342384;NULL
2010005074;3342448;1;43637;1313291.50;1313291.50;1313291.50;0.00;0.00;0.00;0.00;0.00;0.00;0.00;0.00;0.00;0.00;35;0;0;0;0;0;0;0;0;1159062.70;1159062.70;1159062.70;0.00;0.00;0.00;0.00;0.00;0.00;0.00;0.00;0.00;0.00;1;0;0;0;0;0;0;0;0;3342448;NULL
1976000165;3342703;1;43640;0.00;0.00;0.00;0.00;0.00;0.00;0.00;0.00;0.00;0.00;0.00;0.00;0.00;0;0;0;0;0;0;0;0;0;43065010.73;0.00;0.00;0.00;0.00;0.00;0.00;0.00;0.00;43065010.73;10248950.06;0.00;32816060.67;0;0;0;0;0;0;156;156;156;3342703;NULL
1976000238;3342708;1;43642;921005.91;921005.91;921005.91;0.00;0.00;0.00;0.00;0.00;0.00;0.00;0.00;0.00;0.00;0;0;0;0;0;0;0;0;0;0.00;0.00;0.00;0.00;0.00;0.00;0.00;0.00;0.00;0.00;0.00;0.00;0.00;0;0;0;0;0;0;0;0;0;3342708;NULL
2015001719;3342727;1;43651;23723887.02;23723887.02;23723887.02;0.00;0.00;0.00;0.00;0.00;0.00;0.00;0.00;0.00;0.00;93;0;0;0;0;0;0;0;0;0.00;0.00;0.00;0.00;0.00;0.00;0.00;0.00;0.00;0.00;0.00;0.00;0.00;0;0;0;0;0;0;0;0;0;3342727;NULL
2015001638;3342731;1;43653;27462804.97;27462804.97;27462804.97;0.00;0.00;0.00;0.00;0.00;0.00;0.00;0.00;0.00;0.00;101;0;0;0;0;0;0;0;0;0.00;0.00;0.00;0.00;0.00;0.00;0.00;0.00;0.00;0.00;0.00;0.00;0.00;0;0;0;0;0;0;0;0;0;3342731;NULL
2015001565;3342735;1;43655;77978929.28;77978929.28;77978929.28;0.00;0.00;0.00;0.00;0.00;0.00;0.00;0.00;0.00;0.00;118;0;0;0;0;0;0;0;0;0.00;0.00;0.00;0.00;0.00;0.00;0.00;0.00;0.00;0.00;0.00;0.00;0.00;0;0;0;0;0;0;0;0;0;3342735;NULL
2009000511;3342742;1;43658;0.00;0.00;0.00;0.00;0.00;0.00;0.00;0.00;0.00;0.00;0.00;0.00;0.00;0;0;0;0;0;0;0;0;0;181410.79;181410.79;0.00;0.00;181410.79;0.00;0.00;0.00;0.00;0.00;0.00;0.00;0.00;0;0;173;0;0;0;0;0;0;3342742;NULL
1997002256;3342754;1;43661;0.00;0.00;0.00;0.00;0.00;0.00;0.00;0.00;0.00;0.00;0.00;0.00;0.00;0;0;0;0;0;0;0;0;0;1717359.18;1717359.18;0.00;0.00;1717359.18;0.00;0.00;0.00;0.00;0.00;0.00;0.00;0.00;0;0;159;0;0;0;0;0;0;3342754;NULL
2017001074;3342762;1;43666;0.00;0.00;0.00;0.00;0.00;0.00;0.00;0.00;0.00;0.00;0.00;0.00;0.00;0;0;0;0;0;0;0;0;0;446585.77;446585.77;446585.77;0.00;0.00;0.00;0.00;0.00;0.00;0.00;0.00;0.00;0.00;132;0;0;0;0;0;0;0;0;3342762;NULL
1979003319;3343050;1;43673;5108828.90;5108828.90;5108828.90;0.00;0.00;0.00;0.00;0.00;0.00;0.00;0.00;0.00;0.00;186;0;0;0;0;0;0;0;0;6466578.52;6466578.52;0.00;0.00;6466578.52;0.00;0.00;0.00;0.00;0.00;0.00;0.00;0.00;0;0;186;0;0;0;0;0;0;3343050;NULL
1982002174;3343054;1;43676;411870479.60;411870479.60;411870479.60;0.00;0.00;0.00;0.00;0.00;0.00;0.00;0.00;0.00;0.00;147;0;0;0;0;0;0;0;0;42628915.11;42628915.11;13464127.15;9357138.42;19807649.54;0.00;0.00;0.00;0.00;0.00;0.00;0.00;0.00;193;179;193;0;0;0;0;0;0;3343054;NULL
1979002983;3343062;1;43680;0.00;0.00;0.00;0.00;0.00;0.00;0.00;0.00;0.00;0.00;0.00;0.00;0.00;0;0;0;0;0;0;0;0;0;29971703.40;29971703.40;15975341.25;4560464.53;9435897.62;0.00;0.00;0.00;0.00;0.00;0.00;0.00;0.00;272;272;272;0;0;0;0;0;0;3343062;NULL
1982002247;3344377;1;43716;5856065505.67;5302595749.21;5302595749.21;0.00;0.00;553469756.46;553469756.46;0.00;0.00;0.00;0.00;0.00;0.00;88;0;0;88;0;0;0;0;0;270640258.55;270640258.55;103325578.19;23438152.71;143876527.65;0.00;0.00;0.00;0.00;0.00;0.00;0.00;0.00;228;225;228;0;0;0;0;0;0;3344377;NULL
1979004374;3344401;1;43721;0.00;0.00;0.00;0.00;0.00;0.00;0.00;0.00;0.00;0.00;0.00;0.00;0.00;0;0;0;0;0;0;0;0;0;72746756.65;72746756.65;36379003.85;2719001.75;33648751.05;0.00;0.00;0.00;0.00;0.00;0.00;0.00;0.00;195;195;195;0;0;0;0;0;0;3344401;NULL
1975000218;3346031;1;43732;607072321.12;607072321.12;607072321.12;0.00;0.00;0.00;0.00;0.00;0.00;0.00;0.00;0.00;0.00;136;0;0;0;0;0;0;0;0;0.00;0.00;0.00;0.00;0.00;0.00;0.00;0.00;0.00;0.00;0.00;0.00;0.00;0;0;0;0;0;0;0;0;0;3346031;NULL
1981000356;3346855;1;43735;160887012.30;156317454.06;156317454.06;0.00;0.00;4569558.24;4569558.24;0.00;0.00;0.00;0.00;0.00;0.00;108;0;0;108;0;0;0;0;0;0.00;0.00;0.00;0.00;0.00;0.00;0.00;0.00;0.00;0.00;0.00;0.00;0.00;0;0;0;0;0;0;0;0;0;3346855;NULL
1995001783;3346871;1;43737;1893695.48;1893695.48;1893695.48;0.00;0.00;0.00;0.00;0.00;0.00;0.00;0.00;0.00;0.00;793;0;0;0;0;0;0;0;0;12324152.42;12324152.42;0.00;388170.33;11935982.09;0.00;0.00;0.00;0.00;0.00;0.00;0.00;0.00;0;793;793;0;0;0;0;0;0;3346871;NULL
1979004447;3346900;1;43743;68949053.45;68949053.45;68949053.45;0.00;0.00;0.00;0.00;0.00;0.00;0.00;0.00;0.00;0.00;89;0;0;0;0;0;0;0;0;979000575.18;979000575.18;489492181.67;4489798.29;485018595.22;0.00;0.00;0.00;0.00;0.00;0.00;0.00;0.00;660;660;660;0;0;0;0;0;0;3346900;NULL
1979002274;3346994;1;43753;0.00;0.00;0.00;0.00;0.00;0.00;0.00;0.00;0.00;0.00;0.00;0.00;0.00;0;0;0;0;0;0;0;0;0;328161156.40;328161156.40;163227750.68;70259779.91;94673625.81;0.00;0.00;0.00;0.00;0.00;0.00;0.00;0.00;286;286;286;0;0;0;0;0;0;3346994;NULL
1978000529;3346998;1;43765;98439483.62;93964215.06;93964215.06;0.00;0.00;4475268.56;4475268.56;0.00;0.00;0.00;0.00;0.00;0.00;180;0;0;51;0;0;0;0;0;86638444.89;86638444.89;41886910.47;8442086.05;36309448.37;0.00;0.00;0.00;0.00;0.00;0.00;0.00;0.00;1116;1116;1116;0;0;0;0;0;0;3346998;NULL
1970000147;3347814;1;43768;209529732.53;209529732.53;209529732.53;0.00;0.00;0.00;0.00;0.00;0.00;0.00;0.00;0.00;0.00;1188;0;0;0;0;0;0;0;0;9642373112.87;9642373112.87;4787556476.23;619596554.41;4235220082.23;0.00;0.00;0.00;0.00;0.00;0.00;0.00;0.00;1188;1188;1188;0;0;0;0;0;0;3347814;NULL
2003002618;3347820;1;43773;0.00;0.00;0.00;0.00;0.00;0.00;0.00;0.00;0.00;0.00;0.00;0.00;0.00;0;0;0;0;0;0;0;0;0;1076916575.18;1076916575.18;121656342.79;23151157.67;932109074.72;0.00;0.00;0.00;0.00;0.00;0.00;0.00;0.00;351;1080;1080;0;0;0;0;0;0;3347820;NULL
2018000292;3347822;1;43776;1230242135.07;1230242135.07;1230242135.07;0.00;0.00;0.00;0.00;0.00;0.00;0.00;0.00;0.00;0.00;58;0;0;0;0;0;0;0;0;33294841577.22;33294841577.22;16557313805.49;3325109384.57;13412418387.16;0.00;0.00;0.00;0.00;0.00;0.00;0.00;0.00;1164;1164;1164;0;0;0;0;0;0;3347822;NULL
2019003619;3347826;1;43778;2607594361.12;2607594361.12;2607594361.12;0.00;0.00;0.00;0.00;0.00;0.00;0.00;0.00;0.00;0.00;58;0;0;0;0;0;0;0;0;0.00;0.00;0.00;0.00;0.00;0.00;0.00;0.00;0.00;0.00;0.00;0.00;0.00;0;0;0;0;0;0;0;0;0;3347826;NULL
2019003783;3347830;1;43780;2097906442.93;2097906442.93;2097906442.93;0.00;0.00;0.00;0.00;0.00;0.00;0.00;0.00;0.00;0.00;58;0;0;0;0;0;0;0;0;0.00;0.00;0.00;0.00;0.00;0.00;0.00;0.00;0.00;0.00;0.00;0.00;0.00;0;0;0;0;0;0;0;0;0;3347830;NULL
1979002738;3347851;1;43784;1179628753.42;1179628753.42;1179628753.42;0.00;0.00;0.00;0.00;0.00;0.00;0.00;0.00;0.00;0.00;195;0;0;0;0;0;0;0;0;95615866.47;95615866.47;415004.04;2066640.32;93134222.11;0.00;0.00;0.00;0.00;0.00;0.00;0.00;0.00;101;186;195;0;0;0;0;0;0;3347851;NULL
1985001292;3347855;1;43786;1715498.98;1715498.98;1715498.98;0.00;0.00;0.00;0.00;0.00;0.00;0.00;0.00;0.00;0.00;102;0;0;0;0;0;0;0;0;0.00;0.00;0.00;0.00;0.00;0.00;0.00;0.00;0.00;0.00;0.00;0.00;0.00;0;0;0;0;0;0;0;0;0;3347855;NULL
1979003238;3347857;1;43790;1244467950.65;1244467950.65;1244467950.65;0.00;0.00;0.00;0.00;0.00;0.00;0.00;0.00;0.00;0.00;193;0;0;0;0;0;0;0;0;16067897.55;16067897.55;0.00;0.00;16067897.55;0.00;0.00;0.00;0.00;0.00;0.00;0.00;0.00;0;0;193;0;0;0;0;0;0;3347857;NULL
1979004765;3347865;1;43793;431370544.47;431370544.47;431370544.47;0.00;0.00;0.00;0.00;0.00;0.00;0.00;0.00;0.00;0.00;1092;0;0;0;0;0;0;0;0;713254498.24;713254498.24;2822253.18;4617809.59;705814435.47;0.00;0.00;0.00;0.00;0.00;0.00;0.00;0.00;1092;1092;1092;0;0;0;0;0;0;3347865;NULL
1980000311;3347874;1;43799;275526768.42;275526768.42;275526768.42;0.00;0.00;0.00;0.00;0.00;0.00;0.00;0.00;0.00;0.00;125;0;0;0;0;0;0;0;0;0.00;0.00;0.00;0.00;0.00;0.00;0.00;0.00;0.00;0.00;0.00;0.00;0.00;0;0;0;0;0;0;0;0;0;3347874;NULL
1980000565;3347884;1;43802;46273772.75;46273772.75;46273772.75;0.00;0.00;0.00;0.00;0.00;0.00;0.00;0.00;0.00;0.00;134;0;0;0;0;0;0;0;0;0.00;0.00;0.00;0.00;0.00;0.00;0.00;0.00;0.00;0.00;0.00;0.00;0.00;0;0;0;0;0;0;0;0;0;3347884;NULL
1994000619;3347914;1;43812;1189652765.08;1189652765.08;1189652765.08;0.00;0.00;0.00;0.00;0.00;0.00;0.00;0.00;0.00;0.00;192;0;0;0;0;0;0;0;0;1140647967.71;1140647967.71;13880857.17;7431585.85;1119335524.69;0.00;0.00;0.00;0.00;0.00;0.00;0.00;0.00;192;192;192;0;0;0;0;0;0;3347914;NULL
2000002374;3347918;1;43817;305732410.28;305732410.28;305732410.28;0.00;0.00;0.00;0.00;0.00;0.00;0.00;0.00;0.00;0.00;76;0;0;0;0;0;0;0;0;0.00;0.00;0.00;0.00;0.00;0.00;0.00;0.00;0.00;0.00;0.00;0.00;0.00;0;0;0;0;0;0;0;0;0;3347918;NULL
1977000118;3347947;1;43820;128939661.00;0.00;0.00;0.00;0.00;128939661.00;128939661.00;0.00;0.00;0.00;0.00;0.00;0.00;0;0;0;107;0;0;0;0;0;0.00;0.00;0.00;0.00;0.00;0.00;0.00;0.00;0.00;0.00;0.00;0.00;0.00;0;0;0;0;0;0;0;0;0;3347947;NULL
1979003165;3348800;1;43836;375920252.02;375920252.02;375920252.02;0.00;0.00;0.00;0.00;0.00;0.00;0.00;0.00;0.00;0.00;199;0;0;0;0;0;0;0;0;41800060.59;41800060.59;0.00;0.00;41800060.59;0.00;0.00;0.00;0.00;0.00;0.00;0.00;0.00;0;0;199;0;0;0;0;0;0;3348800;NULL
2013002165;3348822;1;43850;79111774.66;79111774.66;79111774.66;0.00;0.00;0.00;0.00;0.00;0.00;0.00;0.00;0.00;0.00;143;0;0;0;0;0;0;0;0;87702721.20;87702721.20;4295473.27;4295473.27;79111774.66;0.00;0.00;0.00;0.00;0.00;0.00;0.00;0.00;143;143;143;0;0;0;0;0;0;3348822;NULL
1985000156;3348825;1;43852;0.00;0.00;0.00;0.00;0.00;0.00;0.00;0.00;0.00;0.00;0.00;0.00;0.00;0;0;0;0;0;0;0;0;0;5192281.86;5192281.86;5192281.86;0.00;0.00;0.00;0.00;0.00;0.00;0.00;0.00;0.00;0.00;24;0;0;0;0;0;0;0;0;3348825;NULL
2002001529;3348831;1;43854;317180.88;0.00;0.00;0.00;0.00;0.00;0.00;0.00;0.00;317180.88;317180.88;0.00;0.00;0;0;0;0;0;0;9;0;0;0.00;0.00;0.00;0.00;0.00;0.00;0.00;0.00;0.00;0.00;0.00;0.00;0.00;0;0;0;0;0;0;0;0;0;3348831;NULL
1998006638;3348854;1;43861;7905461.28;0.00;0.00;0.00;0.00;7905461.28;7905461.28;0.00;0.00;0.00;0.00;0.00;0.00;0;0;0;60;0;0;0;0;0;0.00;0.00;0.00;0.00;0.00;0.00;0.00;0.00;0.00;0.00;0.00;0.00;0.00;0;0;0;0;0;0;0;0;0;3348854;NULL
1996003992;3348869;1;43866;0.00;0.00;0.00;0.00;0.00;0.00;0.00;0.00;0.00;0.00;0.00;0.00;0.00;0;0;0;0;0;0;0;0;0;815200.29;0.00;0.00;0.00;0.00;815200.29;0.00;815200.29;0.00;0.00;0.00;0.00;0.00;0;0;0;0;312;0;0;0;0;3348869;NULL
2002001456;3348921;1;43878;73902399.10;73902399.10;73902399.10;0.00;0.00;0.00;0.00;0.00;0.00;0.00;0.00;0.00;0.00;89;0;0;0;0;0;0;0;0;1313582292.67;0.00;0.00;0.00;0.00;1226193071.70;1226193071.70;0.00;0.00;87389220.97;87389220.97;0.00;0.00;0;0;0;106;0;0;104;0;0;3348921;NULL
2018002147;3349718;1;43888;24522967.89;24522967.89;24522967.89;0.00;0.00;0.00;0.00;0.00;0.00;0.00;0.00;0.00;0.00;163;0;0;0;0;0;0;0;0;24808855.35;24808855.35;142943.73;0.00;24665911.62;0.00;0.00;0.00;0.00;0.00;0.00;0.00;0.00;170;0;170;0;0;0;0;0;0;3349718;NULL
1993003592;3349730;1;43892;3858121.52;0.00;0.00;0.00;0.00;3858121.52;3858121.52;0.00;0.00;0.00;0.00;0.00;0.00;0;0;0;78;0;0;0;0;0;2372219.00;2372219.00;0.00;468857.00;1903362.00;0.00;0.00;0.00;0.00;0.00;0.00;0.00;0.00;0;188;188;0;0;0;0;0;0;3349730;NULL
2005004529;3349732;1;43894;263161086.71;124743333.00;124743333.00;0.00;0.00;138417753.71;138417753.71;0.00;0.00;0.00;0.00;0.00;0.00;171;0;0;78;0;0;0;0;0;124743333.00;124743333.00;0.00;10149667.00;114593666.00;0.00;0.00;0.00;0.00;0.00;0.00;0.00;0.00;0;171;171;0;0;0;0;0;0;3349732;NULL
2001002165;3349736;1;43897;601865232.86;601865232.86;601865232.86;0.00;0.00;0.00;0.00;0.00;0.00;0.00;0.00;0.00;0.00;195;0;0;0;0;0;0;0;0;594833543.30;594833543.30;0.00;0.00;594833543.30;0.00;0.00;0.00;0.00;0.00;0.00;0.00;0.00;0;0;195;0;0;0;0;0;0;3349736;NULL
1996003674;3349746;1;43901;0.00;0.00;0.00;0.00;0.00;0.00;0.00;0.00;0.00;0.00;0.00;0.00;0.00;0;0;0;0;0;0;0;0;0;2401228.13;0.00;0.00;0.00;0.00;2401228.13;2401228.13;0.00;0.00;0.00;0.00;0.00;0.00;0;0;0;83;0;0;0;0;0;3349746;NULL
1994001119;3349748;1;43903;3071825.63;3071825.63;3071825.63;0.00;0.00;0.00;0.00;0.00;0.00;0.00;0.00;0.00;0.00;90;0;0;0;0;0;0;0;0;0.00;0.00;0.00;0.00;0.00;0.00;0.00;0.00;0.00;0.00;0.00;0.00;0.00;0;0;0;0;0;0;0;0;0;3349748;NULL
1977000274;3349752;1;43906;9095111968.50;9095111968.50;9095111968.50;0.00;0.00;0.00;0.00;0.00;0.00;0.00;0.00;0.00;0.00;172;0;0;0;0;0;0;0;0;11051484502.53;11051484502.53;1173801438.83;1115953940.01;8761729123.69;0.00;0.00;0.00;0.00;0.00;0.00;0.00;0.00;172;172;172;0;0;0;0;0;0;3349752;NULL
1986000338;3349754;1;43908;0.00;0.00;0.00;0.00;0.00;0.00;0.00;0.00;0.00;0.00;0.00;0.00;0.00;0;0;0;0;0;0;0;0;0;60543255.00;60543255.00;0.00;0.00;60543255.00;0.00;0.00;0.00;0.00;0.00;0.00;0.00;0.00;0;0;9999;0;0;0;0;0;0;3349754;NULL
1980000174;3351124;1;43912;12099504438.08;0.00;0.00;0.00;0.00;12099504438.08;12099504438.08;0.00;0.00;0.00;0.00;0.00;0.00;0;0;0;113;0;0;0;0;0;0.00;0.00;0.00;0.00;0.00;0.00;0.00;0.00;0.00;0.00;0.00;0.00;0.00;0;0;0;0;0;0;0;0;0;3351124;NULL
2006005911;3353062;1;43926;2295937.31;2295937.31;2295937.31;0.00;0.00;0.00;0.00;0.00;0.00;0.00;0.00;0.00;0.00;17;0;0;0;0;0;0;0;0;0.00;0.00;0.00;0.00;0.00;0.00;0.00;0.00;0.00;0.00;0.00;0.00;0.00;0;0;0;0;0;0;0;0;0;3353062;NULL
2007000156;3353066;1;43928;8910909.56;8910909.56;8910909.56;0.00;0.00;0.00;0.00;0.00;0.00;0.00;0.00;0.00;0.00;169;0;0;0;0;0;0;0;0;0.00;0.00;0.00;0.00;0.00;0.00;0.00;0.00;0.00;0.00;0.00;0.00;0.00;0;0;0;0;0;0;0;0;0;3353066;NULL
2005005029;3354507;1;43931;4441448.60;0.00;0.00;0.00;0.00;0.00;0.00;0.00;0.00;4441448.60;4441448.60;0.00;0.00;0;0;0;0;0;0;87;0;0;0.00;0.00;0.00;0.00;0.00;0.00;0.00;0.00;0.00;0.00;0.00;0.00;0.00;0;0;0;0;0;0;0;0;0;3354507;NULL
1992001618;3354548;1;43943;0.00;0.00;0.00;0.00;0.00;0.00;0.00;0.00;0.00;0.00;0.00;0.00;0.00;0;0;0;0;0;0;0;0;0;0.00;0.00;0.00;0.00;0.00;0.00;0.00;0.00;0.00;0.00;0.00;0.00;0.00;0;0;0;0;0;0;0;0;0;3354548;NULL
1994001992;3354551;1;43945;0.00;0.00;0.00;0.00;0.00;0.00;0.00;0.00;0.00;0.00;0.00;0.00;0.00;0;0;0;0;0;0;0;0;0;2787560.86;1183584.22;79908.33;63017.76;1040658.13;0.00;0.00;0.00;0.00;1603976.64;363808.92;31505.04;1208662.68;159;159;159;0;0;0;168;168;168;3354551;NULL
2005004847;3354555;1;43948;0.00;0.00;0.00;0.00;0.00;0.00;0.00;0.00;0.00;0.00;0.00;0.00;0.00;0;0;0;0;0;0;0;0;0;0.00;0.00;0.00;0.00;0.00;0.00;0.00;0.00;0.00;0.00;0.00;0.00;0.00;0;0;0;0;0;0;0;0;0;3354555;NULL
2006005847;3354557;1;43950;0.00;0.00;0.00;0.00;0.00;0.00;0.00;0.00;0.00;0.00;0.00;0.00;0.00;0;0;0;0;0;0;0;0;0;0.00;0.00;0.00;0.00;0.00;0.00;0.00;0.00;0.00;0.00;0.00;0.00;0.00;0;0;0;0;0;0;0;0;0;3354557;NULL
2013001274;3354560;1;43953;0.00;0.00;0.00;0.00;0.00;0.00;0.00;0.00;0.00;0.00;0.00;0.00;0.00;0;0;0;0;0;0;0;0;0;0.00;0.00;0.00;0.00;0.00;0.00;0.00;0.00;0.00;0.00;0.00;0.00;0.00;0;0;0;0;0;0;0;0;0;3354560;NULL
2009003365;3354569;1;43956;0.00;0.00;0.00;0.00;0.00;0.00;0.00;0.00;0.00;0.00;0.00;0.00;0.00;0;0;0;0;0;0;0;0;0;0.00;0.00;0.00;0.00;0.00;0.00;0.00;0.00;0.00;0.00;0.00;0.00;0.00;0;0;0;0;0;0;0;0;0;3354569;NULL
1982000783;3355057;1;43960;0.00;0.00;0.00;0.00;0.00;0.00;0.00;0.00;0.00;0.00;0.00;0.00;0.00;0;0;0;0;0;0;0;0;0;110675.98;110675.98;0.00;0.00;110675.98;0.00;0.00;0.00;0.00;0.00;0.00;0.00;0.00;0;0;96;0;0;0;0;0;0;3355057;NULL
2009002156;3355221;1;43964;1582610.37;0.00;0.00;0.00;0.00;1582610.37;1582610.37;0.00;0.00;0.00;0.00;0.00;0.00;0;0;0;0;0;0;0;0;0;0.00;0.00;0.00;0.00;0.00;0.00;0.00;0.00;0.00;0.00;0.00;0.00;0.00;0;0;0;0;0;0;0;0;0;3355221;NULL
1979003947;3355226;1;43966;0.00;0.00;0.00;0.00;0.00;0.00;0.00;0.00;0.00;0.00;0.00;0.00;0.00;0;0;0;0;0;0;0;0;0;155109352.96;155109352.96;77554676.48;3202836.21;74351840.27;0.00;0.00;0.00;0.00;0.00;0.00;0.00;0.00;999;999;999;0;0;0;0;0;0;3355226;NULL
1997003211;3355235;1;43969;0.00;0.00;0.00;0.00;0.00;0.00;0.00;0.00;0.00;0.00;0.00;0.00;0.00;0;0;0;0;0;0;0;0;0;35598.87;0.00;0.00;0.00;0.00;35598.87;3487.80;32111.07;0.00;0.00;0.00;0.00;0.00;0;0;0;0;0;0;0;0;0;3355235;NULL
1999002156;3355255;1;43971;4370053.09;4370053.09;4370053.09;0.00;0.00;0.00;0.00;0.00;0.00;0.00;0.00;0.00;0.00;0;0;0;0;0;0;0;0;0;1214556.22;647934.65;266414.47;0.00;381520.18;0.00;0.00;0.00;0.00;566621.57;566621.57;0.00;0.00;187;0;187;0;0;0;0;0;0;3355255;NULL
1990001092;3355273;1;43977;21000381.76;21000381.76;21000381.76;0.00;0.00;0.00;0.00;0.00;0.00;0.00;0.00;0.00;0.00;144;0;0;0;0;0;0;0;0;0.00;0.00;0.00;0.00;0.00;0.00;0.00;0.00;0.00;0.00;0.00;0.00;0.00;0;0;0;0;0;0;0;0;0;3355273;NULL
2005006556;3355359;1;44005;0.00;0.00;0.00;0.00;0.00;0.00;0.00;0.00;0.00;0.00;0.00;0.00;0.00;0;0;0;0;0;0;0;0;0;0.00;0.00;0.00;0.00;0.00;0.00;0.00;0.00;0.00;0.00;0.00;0.00;0.00;0;0;0;0;0;0;0;0;0;3355359;NULL
1998004147;3356484;1;44029;0.00;0.00;0.00;0.00;0.00;0.00;0.00;0.00;0.00;0.00;0.00;0.00;0.00;0;0;0;0;0;0;0;0;0;881660.14;881660.14;398478.41;0.00;483181.73;0.00;0.00;0.00;0.00;0.00;0.00;0.00;0.00;166;0;166;0;0;0;0;0;0;3356484;NULL
2000006183;3356488;1;44031;26275568.91;0.00;0.00;0.00;0.00;26275568.91;26275568.91;0.00;0.00;0.00;0.00;0.00;0.00;0;0;0;0;0;0;0;0;0;26609844.73;21525011.90;7536205.20;0.00;13988806.70;0.00;0.00;0.00;0.00;5084832.83;5084832.83;0.00;0.00;201;0;201;0;0;0;0;0;0;3356488;NULL
1998005518;3356499;1;44058;12421523.19;12421523.19;12421523.19;0.00;0.00;0.00;0.00;0.00;0.00;0.00;0.00;0.00;0.00;0;0;0;0;0;0;0;0;0;18049138.31;18154558.73;0.00;0.00;18154558.73;3211.04;0.00;3211.04;0.00;-108631.46;-108631.46;0.00;0.00;0;0;112;0;0;0;0;0;0;3356499;NULL
1981001565;3357696;1;44066;1829607.60;1829607.60;1829607.60;0.00;0.00;0.00;0.00;0.00;0.00;0.00;0.00;0.00;0.00;115;0;0;0;0;0;0;0;0;2143481.66;2143481.66;2143481.66;0.00;0.00;0.00;0.00;0.00;0.00;0.00;0.00;0.00;0.00;115;0;0;0;0;0;0;0;0;3357696;NULL
1996003811;3358994;1;44071;0.00;0.00;0.00;0.00;0.00;0.00;0.00;0.00;0.00;0.00;0.00;0.00;0.00;0;0;0;0;0;0;0;0;0;135456.08;135456.08;0.00;135456.08;0.00;0.00;0.00;0.00;0.00;0.00;0.00;0.00;0.00;0;156;0;0;0;0;0;0;0;3358994;NULL
2007001292;3359007;1;44078;0.00;0.00;0.00;0.00;0.00;0.00;0.00;0.00;0.00;0.00;0.00;0.00;0.00;0;0;0;0;0;0;0;0;0;313036.85;0.00;0.00;0.00;0.00;313036.85;156528.55;156508.30;0.00;0.00;0.00;0.00;0.00;0;0;0;0;0;0;0;0;0;3359007;NULL
2003001247;3360914;1;44092;120574428.18;120574428.18;120574428.18;0.00;0.00;0.00;0.00;0.00;0.00;0.00;0.00;0.00;0.00;153;0;0;0;0;0;0;0;0;115615.60;115615.60;115615.60;0.00;0.00;0.00;0.00;0.00;0.00;0.00;0.00;0.00;0.00;158;0;0;0;0;0;0;0;0;3360914;NULL
2003000119;3360917;1;44094;155971888.70;155971888.70;155971888.70;0.00;0.00;0.00;0.00;0.00;0.00;0.00;0.00;0.00;0.00;216;0;0;0;0;0;0;0;0;0.00;0.00;0.00;0.00;0.00;0.00;0.00;0.00;0.00;0.00;0.00;0.00;0.00;0;0;0;0;0;0;0;0;0;3360917;NULL
2004003138;3360922;1;44096;639546.48;639546.48;639546.48;0.00;0.00;0.00;0.00;0.00;0.00;0.00;0.00;0.00;0.00;136;0;0;0;0;0;0;0;0;0.00;0.00;0.00;0.00;0.00;0.00;0.00;0.00;0.00;0.00;0.00;0.00;0.00;0;0;0;0;0;0;0;0;0;3360922;NULL
1987000838;3360953;1;44107;4918938.15;4918938.15;4918938.15;0.00;0.00;0.00;0.00;0.00;0.00;0.00;0.00;0.00;0.00;58;0;0;0;0;0;0;0;0;0.00;0.00;0.00;0.00;0.00;0.00;0.00;0.00;0.00;0.00;0.00;0.00;0.00;0;0;0;0;0;0;0;0;0;3360953;NULL
2010001729;3360965;1;44112;0.00;0.00;0.00;0.00;0.00;0.00;0.00;0.00;0.00;0.00;0.00;0.00;0.00;0;0;0;0;0;0;0;0;0;165178.21;0.00;0.00;0.00;0.00;165178.21;165178.21;0.00;0.00;0.00;0.00;0.00;0.00;0;0;0;91;0;0;0;0;0;3360965;NULL
1980002029;3361090;1;44119;2374576049.95;2374576049.95;2374576049.95;0.00;0.00;0.00;0.00;0.00;0.00;0.00;0.00;0.00;0.00;143;0;0;0;0;0;0;0;0;0.00;0.00;0.00;0.00;0.00;0.00;0.00;0.00;0.00;0.00;0.00;0.00;0.00;0;0;0;0;0;0;0;0;0;3361090;NULL
1993002911;3362028;1;44124;0.00;0.00;0.00;0.00;0.00;0.00;0.00;0.00;0.00;0.00;0.00;0.00;0.00;0;0;0;0;0;0;0;0;0;9367582.47;9367582.47;9367582.47;0.00;0.00;0.00;0.00;0.00;0.00;0.00;0.00;0.00;0.00;172;0;0;0;0;0;0;0;0;3362028;NULL
1995000256;3362034;1;44126;360131.82;360131.82;360131.82;0.00;0.00;0.00;0.00;0.00;0.00;0.00;0.00;0.00;0.00;118;0;0;0;0;0;0;0;0;0.00;0.00;0.00;0.00;0.00;0.00;0.00;0.00;0.00;0.00;0.00;0.00;0.00;0;0;0;0;0;0;0;0;0;3362034;NULL
1998003574;3362489;1;44128;0.00;0.00;0.00;0.00;0.00;0.00;0.00;0.00;0.00;0.00;0.00;0.00;0.00;0;0;0;0;0;0;0;0;0;0.00;0.00;0.00;0.00;0.00;0.00;0.00;0.00;0.00;0.00;0.00;0.00;0.00;0;0;0;0;0;0;0;0;0;3362489;NULL
2004000538;3365102;1;44143;0.00;0.00;0.00;0.00;0.00;0.00;0.00;0.00;0.00;0.00;0.00;0.00;0.00;0;0;0;0;0;0;0;0;0;47301790.03;47301790.03;23792137.25;1189128.55;22320524.23;0.00;0.00;0.00;0.00;0.00;0.00;0.00;0.00;136;136;136;0;0;0;0;0;0;3365102;NULL
2004000465;3365511;1;44149;0.00;0.00;0.00;0.00;0.00;0.00;0.00;0.00;0.00;0.00;0.00;0.00;0.00;0;0;0;0;0;0;0;0;0;185776070.86;185776070.86;93748278.28;5320171.98;86707620.60;0.00;0.00;0.00;0.00;0.00;0.00;0.00;0.00;108;120;132;0;0;0;0;0;0;3365511;NULL
1995003956;3366973;1;44161;0.00;0.00;0.00;0.00;0.00;0.00;0.00;0.00;0.00;0.00;0.00;0.00;0.00;0;0;0;0;0;0;0;0;0;30673974.46;30673974.46;15336987.23;0.00;15336987.23;0.00;0.00;0.00;0.00;0.00;0.00;0.00;0.00;72;0;72;0;0;0;0;0;0;3366973;NULL
1980000883;3366987;1;44166;0.00;0.00;0.00;0.00;0.00;0.00;0.00;0.00;0.00;0.00;0.00;0.00;0.00;0;0;0;0;0;0;0;0;0;12854204.95;0.00;0.00;0.00;0.00;0.00;0.00;0.00;0.00;12854204.95;0.00;0.00;12854204.95;0;0;0;0;0;0;0;0;698;3366987;NULL
1979001529;3367203;1;44170;0.00;0.00;0.00;0.00;0.00;0.00;0.00;0.00;0.00;0.00;0.00;0.00;0.00;0;0;0;0;0;0;0;0;0;1848864867.00;1848864867.00;924432434.00;299544683.00;624887750.00;0.00;0.00;0.00;0.00;0.00;0.00;0.00;0.00;242;242;242;0;0;0;0;0;0;3367203;NULL
1999005147;3372062;1;44191;10812207.09;10812207.09;10812207.09;0.00;0.00;0.00;0.00;0.00;0.00;0.00;0.00;0.00;0.00;101;0;0;0;0;0;0;0;0;12044279.24;11178264.13;0.00;48647.29;11129616.84;866015.11;0.00;866015.11;0.00;0.00;0.00;0.00;0.00;0;0;0;0;48;0;0;0;0;3372062;NULL
1980001219;3372875;1;44197;0.00;0.00;0.00;0.00;0.00;0.00;0.00;0.00;0.00;0.00;0.00;0.00;0.00;0;0;0;0;0;0;0;0;0;1353806.43;1353806.43;1353806.43;0.00;0.00;0.00;0.00;0.00;0.00;0.00;0.00;0.00;0.00;76;0;0;0;0;0;0;0;0;3372875;NULL
2000008038;3378550;1;44210;0.00;0.00;0.00;0.00;0.00;0.00;0.00;0.00;0.00;0.00;0.00;0.00;0.00;0;0;0;0;0;0;0;0;0;2056070.41;2056070.41;0.00;0.00;2056070.41;0.00;0.00;0.00;0.00;0.00;0.00;0.00;0.00;0;0;127;0;0;0;0;0;0;3378550;NULL
2008004783;3378554;1;44212;64132227.68;42476041.85;42476041.85;0.00;0.00;0.00;0.00;0.00;0.00;21656185.83;21656185.83;0.00;0.00;124;0;0;0;0;0;121;0;0;41143885.72;41143885.72;0.00;0.00;41143885.72;0.00;0.00;0.00;0.00;0.00;0.00;0.00;0.00;0;0;124;0;0;0;0;0;0;3378554;NULL
2000006965;3380341;1;44215;25553758.19;25553758.19;25553758.19;0.00;0.00;0.00;0.00;0.00;0.00;0.00;0.00;0.00;0.00;136;0;0;0;0;0;0;0;0;24573367.66;24571477.98;0.00;59466.73;24512011.25;1889.68;0.00;1889.68;0.00;0.00;0.00;0.00;0.00;0;146;145;0;72;0;0;0;0;3380341;NULL
1980002347;3380349;1;44217;0.00;0.00;0.00;0.00;0.00;0.00;0.00;0.00;0.00;0.00;0.00;0.00;0.00;0;0;0;0;0;0;0;0;0;25000137.92;25000137.92;0.00;0.00;25000137.92;0.00;0.00;0.00;0.00;0.00;0.00;0.00;0.00;0;0;156;0;0;0;0;0;0;3380349;NULL
1999004183;3380581;1;44219;14603040.28;14603040.28;14603040.28;0.00;0.00;0.00;0.00;0.00;0.00;0.00;0.00;0.00;0.00;18;0;0;0;0;0;0;0;0;0.00;0.00;0.00;0.00;0.00;0.00;0.00;0.00;0.00;0.00;0.00;0.00;0.00;0;0;0;0;0;0;0;0;0;3380581;NULL
1992001065;3380587;1;44221;0.00;0.00;0.00;0.00;0.00;0.00;0.00;0.00;0.00;0.00;0.00;0.00;0.00;0;0;0;0;0;0;0;0;0;3584948.00;0.00;0.00;0.00;0.00;3584948.00;0.00;3584948.00;0.00;0.00;0.00;0.00;0.00;0;0;0;0;190;0;0;0;0;3380587;NULL
1979000719;3380595;1;44223;7810597.35;7810597.35;7810597.35;0.00;0.00;0.00;0.00;0.00;0.00;0.00;0.00;0.00;0.00;180;0;0;0;0;0;0;0;0;2064226.84;2064226.84;0.00;309180.75;1755046.09;0.00;0.00;0.00;0.00;0.00;0.00;0.00;0.00;0;131;131;0;0;0;0;0;0;3380595;NULL
2015001492;3380601;1;44226;615279375.17;615279375.17;615279375.17;0.00;0.00;0.00;0.00;0.00;0.00;0.00;0.00;0.00;0.00;180;0;0;0;0;0;0;0;0;0.00;0.00;0.00;0.00;0.00;0.00;0.00;0.00;0.00;0.00;0.00;0.00;0.00;0;0;0;0;0;0;0;0;0;3380601;NULL
1990001483;3382964;1;44228;268258866.26;268258866.26;268258866.26;0.00;0.00;0.00;0.00;0.00;0.00;0.00;0.00;0.00;0.00;127;0;0;0;0;0;0;0;0;210141362.76;210141362.76;0.00;75363161.65;134778201.11;0.00;0.00;0.00;0.00;0.00;0.00;0.00;0.00;0;127;127;0;0;0;0;0;0;3382964;NULL
1982002018;3383429;1;44231;245570856.16;245570856.16;245570856.16;0.00;0.00;0.00;0.00;0.00;0.00;0.00;0.00;0.00;0.00;56;0;0;0;0;0;0;0;0;24429324.50;24429324.50;0.00;0.00;24429324.50;0.00;0.00;0.00;0.00;0.00;0.00;0.00;0.00;0;0;149;0;0;0;0;0;0;3383429;NULL
1990001629;3383925;1;44234;3779418.00;3779418.00;3779418.00;0.00;0.00;0.00;0.00;0.00;0.00;0.00;0.00;0.00;0.00;96;0;0;0;0;0;0;0;0;688388.00;688388.00;0.00;0.00;688388.00;0.00;0.00;0.00;0.00;0.00;0.00;0.00;0.00;0;0;117;0;0;0;0;0;0;3383925;NULL
2015000747;3386077;1;44237;5271346.76;5271346.76;5271346.76;0.00;0.00;0.00;0.00;0.00;0.00;0.00;0.00;0.00;0.00;87;0;0;0;0;0;0;0;0;0.00;0.00;0.00;0.00;0.00;0.00;0.00;0.00;0.00;0.00;0.00;0.00;0.00;0;0;0;0;0;0;0;0;0;3386077;NULL
1993001311;3386908;1;44240;0.00;0.00;0.00;0.00;0.00;0.00;0.00;0.00;0.00;0.00;0.00;0.00;0.00;0;0;0;0;0;0;0;0;0;0.00;0.00;0.00;0.00;0.00;0.00;0.00;0.00;0.00;0.00;0.00;0.00;0.00;0;0;0;0;0;0;0;0;0;3386908;NULL
1996002392;3388438;1;44243;11117646.18;1946147.21;1946147.21;0.00;0.00;9171498.97;9171498.97;0.00;0.00;0.00;0.00;0.00;0.00;94;0;0;94;0;0;0;0;0;357012.01;357012.01;0.00;0.00;357012.01;0.00;0.00;0.00;0.00;0.00;0.00;0.00;0.00;0;0;176;0;0;0;0;0;0;3388438;NULL
2020000611;3388588;1;44245;31810643.06;31810643.06;31810643.06;0.00;0.00;0.00;0.00;0.00;0.00;0.00;0.00;0.00;0.00;151;0;0;0;0;0;0;0;0;0.00;0.00;0.00;0.00;0.00;0.00;0.00;0.00;0.00;0.00;0.00;0.00;0.00;0;0;0;0;0;0;0;0;0;3388588;NULL
1974000338;3390058;1;44257;277704593.12;261487416.55;261487416.55;0.00;0.00;0.00;0.00;0.00;0.00;16217176.57;16217176.57;0.00;0.00;140;0;0;0;0;0;103;0;0;113817732.77;113817732.77;0.00;27048.30;113790684.47;0.00;0.00;0.00;0.00;0.00;0.00;0.00;0.00;0;140;140;0;0;0;0;0;0;3390058;NULL
1993000429;3394779;1;44259;8395887.70;8395887.70;8395887.70;0.00;0.00;0.00;0.00;0.00;0.00;0.00;0.00;0.00;0.00;179;0;0;0;0;0;0;0;0;19419447.97;19419447.97;0.00;1073117.80;18346330.17;0.00;0.00;0.00;0.00;0.00;0.00;0.00;0.00;0;179;179;0;0;0;0;0;0;3394779;NULL
2001002238;3411921;1;44263;203092981.48;203092981.48;203092981.48;0.00;0.00;0.00;0.00;0.00;0.00;0.00;0.00;0.00;0.00;181;0;0;0;0;0;0;0;0;0.00;0.00;0.00;0.00;0.00;0.00;0.00;0.00;0.00;0.00;0.00;0.00;0.00;0;0;0;0;0;0;0;0;0;3411921;NULL
1989000983;3414823;1;44265;89289881.95;89289881.95;89289881.95;0.00;0.00;0.00;0.00;0.00;0.00;0.00;0.00;0.00;0.00;137;0;0;0;0;0;0;0;0;10378725.35;10378725.35;10378725.35;0.00;0.00;0.00;0.00;0.00;0.00;0.00;0.00;0.00;0.00;180;0;0;0;0;0;0;0;0;3414823;NULL
1989001874;3421456;1;44278;37216596.38;37216596.38;37216596.38;0.00;0.00;0.00;0.00;0.00;0.00;0.00;0.00;0.00;0.00;111;0;0;0;0;0;0;0;0;0.00;0.00;0.00;0.00;0.00;0.00;0.00;0.00;0.00;0.00;0.00;0.00;0.00;0;0;0;0;0;0;0;0;0;3421456;NULL
1989001092;3421460;1;44282;5622473.18;5622473.18;5622473.18;0.00;0.00;0.00;0.00;0.00;0.00;0.00;0.00;0.00;0.00;93;0;0;0;0;0;0;0;0;0.00;0.00;0.00;0.00;0.00;0.00;0.00;0.00;0.00;0.00;0.00;0.00;0.00;0;0;0;0;0;0;0;0;0;3421460;NULL
1993001638;3421462;1;44284;3431045.80;3431045.80;3431045.80;0.00;0.00;0.00;0.00;0.00;0.00;0.00;0.00;0.00;0.00;81;0;0;0;0;0;0;0;0;0.00;0.00;0.00;0.00;0.00;0.00;0.00;0.00;0.00;0.00;0.00;0.00;0.00;0;0;0;0;0;0;0;0;0;3421462;NULL
1994000783;3421466;1;44288;1790800.68;1790800.68;1790800.68;0.00;0.00;0.00;0.00;0.00;0.00;0.00;0.00;0.00;0.00;108;0;0;0;0;0;0;0;0;0.00;0.00;0.00;0.00;0.00;0.00;0.00;0.00;0.00;0.00;0.00;0.00;0.00;0;0;0;0;0;0;0;0;0;3421466;NULL
1998001156;3421470;1;44292;5287976.89;5287976.89;5287976.89;0.00;0.00;0.00;0.00;0.00;0.00;0.00;0.00;0.00;0.00;121;0;0;0;0;0;0;0;0;2852095.09;2852095.09;299403.69;0.00;2552691.40;0.00;0.00;0.00;0.00;0.00;0.00;0.00;0.00;0;0;141;0;0;0;0;0;0;3421470;NULL
1988002192;3421484;1;44317;6237486.27;6237486.27;6237486.27;0.00;0.00;0.00;0.00;0.00;0.00;0.00;0.00;0.00;0.00;35;0;0;0;0;0;0;0;0;0.00;0.00;0.00;0.00;0.00;0.00;0.00;0.00;0.00;0.00;0.00;0.00;0.00;0;0;0;0;0;0;0;0;0;3421484;NULL
1982002311;3425860;1;44324;273638917.72;273638917.72;273638917.72;0.00;0.00;0.00;0.00;0.00;0.00;0.00;0.00;0.00;0.00;200;0;0;0;0;0;0;0;0;12396054.53;12396054.53;0.00;0.00;12396054.53;0.00;0.00;0.00;0.00;0.00;0.00;0.00;0.00;0;0;200;0;0;0;0;0;0;3425860;NULL
1998001083;3426951;1;44331;0.00;0.00;0.00;0.00;0.00;0.00;0.00;0.00;0.00;0.00;0.00;0.00;0.00;0;0;0;0;0;0;0;0;0;1243657.11;1243657.11;1074440.77;0.00;169216.34;0.00;0.00;0.00;0.00;0.00;0.00;0.00;0.00;1;0;0;0;0;0;0;0;0;3426951;NULL
1986000419;3427548;1;44334;2199912.60;2199912.60;2199912.60;0.00;0.00;0.00;0.00;0.00;0.00;0.00;0.00;0.00;0.00;144;0;0;0;0;0;0;0;0;2699563.00;2699563.00;0.00;0.00;2699563.00;0.00;0.00;0.00;0.00;0.00;0.00;0.00;0.00;0;0;144;0;0;0;0;0;0;3427548;NULL
1993001018;3427552;1;44336;16511.98;16511.98;16511.98;0.00;0.00;0.00;0.00;0.00;0.00;0.00;0.00;0.00;0.00;180;0;0;0;0;0;0;0;0;549903.00;549903.00;0.00;0.00;549903.00;0.00;0.00;0.00;0.00;0.00;0.00;0.00;0.00;0;0;180;0;0;0;0;0;0;3427552;NULL
1998006311;3427739;1;44338;594129.43;594129.43;594129.43;0.00;0.00;0.00;0.00;0.00;0.00;0.00;0.00;0.00;0.00;108;0;0;0;0;0;0;0;0;1144021.00;1144021.00;0.00;0.00;1144021.00;0.00;0.00;0.00;0.00;0.00;0.00;0.00;0.00;0;0;108;0;0;0;0;0;0;3427739;NULL
2006006665;3427747;1;44341;841409.19;841409.19;841409.19;0.00;0.00;0.00;0.00;0.00;0.00;0.00;0.00;0.00;0.00;192;0;0;0;0;0;0;0;0;160140.00;160140.00;0.00;1060.00;159080.00;0.00;0.00;0.00;0.00;0.00;0.00;0.00;0.00;0;192;192;0;0;0;0;0;0;3427747;NULL
2008004538;3427751;1;44343;15509964.83;15509964.83;15509964.83;0.00;0.00;0.00;0.00;0.00;0.00;0.00;0.00;0.00;0.00;216;0;0;0;0;0;0;0;0;0.00;0.00;0.00;0.00;0.00;0.00;0.00;0.00;0.00;0.00;0.00;0.00;0.00;0;0;0;0;0;0;0;0;0;3427751;NULL
1987000374;3429844;1;44345;70216905.13;1495233.04;1495233.04;0.00;0.00;68721672.09;68721672.09;0.00;0.00;0.00;0.00;0.00;0.00;119;0;0;120;0;0;0;0;0;6667279.00;6667279.00;0.00;40002.00;6627277.00;0.00;0.00;0.00;0.00;0.00;0.00;0.00;0.00;0;137;137;0;0;0;0;0;0;3429844;NULL
2008004211;3429856;1;44349;2130865.25;2130865.25;2130865.25;0.00;0.00;0.00;0.00;0.00;0.00;0.00;0.00;0.00;0.00;71;0;0;0;0;0;0;0;0;0.00;0.00;0.00;0.00;0.00;0.00;0.00;0.00;0.00;0.00;0.00;0.00;0.00;0;0;0;0;0;0;0;0;0;3429856;NULL
2021001156;3434048;1;44353;1572616.14;1572616.14;1572616.14;0.00;0.00;0.00;0.00;0.00;0.00;0.00;0.00;0.00;0.00;125;0;0;0;0;0;0;0;0;0.00;0.00;0.00;0.00;0.00;0.00;0.00;0.00;0.00;0.00;0.00;0.00;0.00;0;0;0;0;0;0;0;0;0;3434048;NULL
2000002838;3434052;1;44356;787766535.90;787766535.90;787766535.90;0.00;0.00;0.00;0.00;0.00;0.00;0.00;0.00;0.00;0.00;50;0;0;0;0;0;0;0;0;0.00;0.00;0.00;0.00;0.00;0.00;0.00;0.00;0.00;0.00;0.00;0.00;0.00;0;0;0;0;0;0;0;0;0;3434052;NULL
2013002238;3434145;1;44359;1400422.97;1400422.97;1400422.97;0.00;0.00;0.00;0.00;0.00;0.00;0.00;0.00;0.00;0.00;197;0;0;0;0;0;0;0;0;2173178.61;2173178.61;385876.38;0.00;1787302.23;0.00;0.00;0.00;0.00;0.00;0.00;0.00;0.00;204;0;204;0;0;0;0;0;0;3434145;NULL
2000007783;3437081;1;44368;0.00;0.00;0.00;0.00;0.00;0.00;0.00;0.00;0.00;0.00;0.00;0.00;0.00;0;0;0;0;0;0;0;0;0;0.00;0.00;0.00;0.00;0.00;0.00;0.00;0.00;0.00;0.00;0.00;0.00;0.00;0;0;0;0;0;0;0;0;0;3437081;NULL
2000004229;3483365;1;44390;0.00;0.00;0.00;0.00;0.00;0.00;0.00;0.00;0.00;0.00;0.00;0.00;0.00;0;0;0;0;0;0;0;0;0;74832438.68;56102271.08;56102271.08;0.00;0.00;18730167.60;18730167.60;0.00;0.00;0.00;0.00;0.00;0.00;178;0;0;10;0;0;0;0;0;3483365;NULL
2008002365;3513904;1;44414;0.00;0.00;0.00;0.00;0.00;0.00;0.00;0.00;0.00;0.00;0.00;0.00;0.00;0;0;0;0;0;0;0;0;0;24774704.45;24774704.45;12233568.71;550555.86;11990579.88;0.00;0.00;0.00;0.00;0.00;0.00;0.00;0.00;216;216;216;0;0;0;0;0;0;3513904;NULL
1993001956;3530809;1;44423;2496030.99;2496030.99;2496030.99;0.00;0.00;0.00;0.00;0.00;0.00;0.00;0.00;0.00;0.00;161;0;0;0;0;0;0;0;0;6805923.48;6805923.48;6805923.48;0.00;0.00;0.00;0.00;0.00;0.00;0.00;0.00;0.00;0.00;161;0;0;0;0;0;0;0;0;3530809;NULL
2006006411;3551624;1;44428;8660467.05;8660467.05;8660467.05;0.00;0.00;0.00;0.00;0.00;0.00;0.00;0.00;0.00;0.00;96;0;0;0;0;0;0;0;0;429471.87;429471.87;429471.87;0.00;0.00;0.00;0.00;0.00;0.00;0.00;0.00;0.00;0.00;96;0;0;0;0;0;0;0;0;3551624;NULL
1993001492;3584689;1;44433;1846135.02;1846135.02;1846135.02;0.00;0.00;0.00;0.00;0.00;0.00;0.00;0.00;0.00;0.00;113;0;0;0;0;0;0;0;0;0.00;0.00;0.00;0.00;0.00;0.00;0.00;0.00;0.00;0.00;0.00;0.00;0.00;0;0;0;0;0;0;0;0;0;3584689;NULL
2000002511;3588691;1;44437;0.00;0.00;0.00;0.00;0.00;0.00;0.00;0.00;0.00;0.00;0.00;0.00;0.00;0;0;0;0;0;0;0;0;0;1653145.58;0.00;0.00;0.00;0.00;1653145.58;0.00;1653145.58;0.00;0.00;0.00;0.00;0.00;0;0;0;0;170;0;0;0;0;3588691;NULL
1979001456;3705927;1;44446;0.00;0.00;0.00;0.00;0.00;0.00;0.00;0.00;0.00;0.00;0.00;0.00;0.00;0;0;0;0;0;0;0;0;0;81038740.87;81038740.87;66241410.93;4463922.74;10333407.20;0.00;0.00;0.00;0.00;0.00;0.00;0.00;0.00;223;223;223;0;0;0;0;0;0;3705927;NULL
2004000392;3831995;1;44461;0.00;0.00;0.00;0.00;0.00;0.00;0.00;0.00;0.00;0.00;0.00;0.00;0.00;0;0;0;0;0;0;0;0;0;17264506.83;17264506.83;9078931.12;1007578.38;7177997.33;0.00;0.00;0.00;0.00;0.00;0.00;0.00;0.00;108;108;108;0;0;0;0;0;0;3831995;NULL
