ID_GRUPO_CUSTEIO_DA;ID_GRUPO_CUSTEIO;NU_MATRICULA_EFPC;ID_DEMONSTRACAO_ATUARIAL;NU_CNPB_PLANO_DA;QT_PARTICIPANTES_ATIVOS;VL_FOLHA_SALARIO;QT_MESES_CONTRIBUICAO;QT_MESES_APOSENTADORIA;NU_GRUPO_CUSTEIO;NM_GRUPO_CUSTEIO
32229;1;1781;3351124;1980000174;3354;689344652.62;401;78;1;Plano 1
32374;21;1781;3357744;1904000118;123845;0.00;0;0;1;CARTEIRA DE PECÚLIOS
32141;41;1991;3347884;1980000565;1302;172045662.00;233;95;1;Rhodia
31850;48;1256;3337895;2009001265;1801;95416496.24;112;205;1;MM COFAP
32477;50;535;3372062;1999005147;369;77004416.00;329;2;1;Grupo único
32423;51;1781;3362489;1998003574;80457;10231515540.61;176;86;1;PREVI FUTURO
31351;61;4581;3311555;1999000919;18573;1899139017.01;138;233;1;Geral
31727;62;223;3335795;1980000492;0;0.00;0;0;1;PBB
32341;82;1911;3356488;2000006183;4651;243736157.86;96;163;1;FIESCPREV
31617;87;3678;3332785;1999002083;61;9143982.09;232;75;1;PreviCIERGS - BD
31508;88;3678;3330427;2010001818;1;253620.64;46;252;1;SIMECSPREVI
31772;89;1674;3337177;1989002056;154;31480476.82;88;248;1;Todos
32383;90;1911;3359007;2007001292;1195;77187996.99;60;259;1;SISTEMA FIEMT
32499;101;2316;3380595;1979000719;9;915841.68;344;0;1;GRUPO CONAB
31459;102;571;3328867;1988001218;1317;303429885.07;147;174;1;1
31333;103;237;3310441;1979000492;2262;30754018.36;374;77;1;Embrapa Básico
31883;104;4203;3338740;2000001556;42;953649.06;393;20;1;PBS TELEMAR
31656;121;552;3334463;1979002665;3;495840.15;491;0;1;Único
31657;122;552;3334465;2002000638;1948;260523514.29;225;161;1;Único
31658;123;552;3334467;2002004692;168;39970215.35;228;128;1;Único
31982;126;1381;3341234;1980002411;41;1424450.04;419;1;1;Único
31304;135;1715;3296254;1979000174;852;149066554.65;384;36;1;PRV
32194;139;3558;3348869;1996003992;732;83398511.82;186;140;1;Grupo único
31756;148;998;3336736;1988001129;0;0.00;0;0;1;Benefícios
32191;150;998;3348854;1998006638;7433;805506811.07;136;124;1;PCV I
31460;151;3161;3328873;1994004118;235;33343746.02;329;23;1;BENEFÍCIO DEFINIDO
31462;152;3161;3328879;2005005111;698;66851887.44;130;146;1;CONTRIB. VARIÁVEL
32154;153;93;3347918;2000002374;0;0.00;0;0;1;Santander
32479;159;3188;3372060;2004002174;142566;0.00;50;111;1;TECNOPREV
32105;160;1688;3346994;1979002274;2670;479128257.27;198;152;1;PBB
31670;161;2395;3334699;1994001811;5837;625478342.97;95;202;1;Único
31413;167;2004;3316023;1987001729;650;32072628.00;173;99;1;Plano Unificado
31430;169;3126;3316735;1997001918;2193;180661547.16;108;240;1;SWPrev
31922;170;4203;3339860;2000006574;7213;400306816.00;237;83;1;TELEMARPREV
32601;171;4203;3434052;2000002838;528;55594916.12;272;65;1;TCSPREV
32450;173;2155;3366063;1985000938;2326;224307885.60;154;94;1;Plano Previplan
32336;174;1033;3356467;2000007538;993;83552380.21;252;96;1;USIMINAS/PREVIDENCIA
32338;175;1033;3356467;2000007538;3;0.00;0;0;2;USIMINAS MECANICA
32089;176;1033;3346031;1975000218;16;701177.88;312;96;1;PBD
31812;179;941;3337912;1980001618;1228;110714080.57;490;1;1;PS-I
31609;180;2231;3332771;1982002883;79;3856023.42;293;81;1;GERAL
32683;187;1715;3778505;2008004619;2760;38599353.43;134;60;1;CV PREVDATA II
31612;188;2231;3332777;1994001518;4;180035.31;270;102;1;GERAL
31741;207;309;3336494;1979003629;240;62025097.80;262;127;1;Plano BD
31906;208;268;3339257;1979003874;3090;308884108.23;189;194;1;Ativos
32655;210;2083;3519065;2000008283;18476;828134191.00;96;168;1;VALIAPREV - Total
31518;212;1732;3331095;1985001111;16;3327274.86;402;0;1;ATIVOS
31820;214;941;3337922;1998007774;5841;1265043156.91;176;129;1;PS-II
31983;215;1381;3341170;2006005138;927;99656475.88;133;157;1;Único
32593;217;4131;3429844;1987000374;5;251882.67;360;12;1;ENERGISA/FUNASA
31972;228;967;3341214;2000000819;2;281437.00;298;179;1;PLANO PBS - CPQD
31692;229;4131;3334941;2008004392;14;414466.00;217;105;1;ENERGISA/FUNASA
32596;230;4131;3429856;2008004211;57;0.00;0;33;1;ENERGISA/FUNASA
32199;231;731;3348890;1982002956;173;20050994.73;322;42;1;Plano Bayer BD
32152;235;93;3347914;1994000619;180;17170519.34;348;24;1;Santander/Isban/Prod
32151;236;93;3347914;1994000619;6;0.00;348;0;2;Santander Serviços
32420;247;1911;3362016;1987000218;0;0.00;0;0;1;FIESC BD
31614;248;2231;3332781;1992000956;385;0.00;157;176;1;GERAL
32044;249;967;3343066;1991001029;0;0.00;0;0;1;PBS-A 1
32286;260;1911;3355255;1999002156;656;38650029.99;96;198;1;SENACPREV
32075;261;1239;3344377;1982002247;441;0.00;346;67;1;BSPS
32224;262;1523;3349752;1977000274;938;169060971.10;436;1;1;Não Saldado
32225;263;1523;3349752;1977000274;8581;5777084972.10;418;0;2;Saldado
31677;265;2231;3334729;2010002474;618;0.00;320;63;1;GERAL
31543;266;1599;3331972;1979001219;48;5636908.23;486;3;1;Grupo Único
32269;268;1911;3354551;1994001992;2;155033.18;348;36;1;SENAI-MA BD
31613;269;2231;3332779;1982002719;24;0.00;301;23;1;GERAL
31534;270;3678;3331455;2008001474;900;65768832.54;48;196;1;SESI
31530;271;3678;3331455;2008001474;692;53733487.98;57;190;2;SENAI
31531;272;3678;3331455;2008001474;43;4377768.54;95;184;3;CIERGS
31532;273;3678;3331455;2008001474;9;802543.58;65;162;4;IEL
31533;274;3678;3331455;2008001474;2;0.00;162;12;5;CONDOMÍNIO
31663;287;1479;3334671;1997002892;128;1675975.16;421;24;1;Patrocinadora
31661;288;1479;3334663;1997002711;5732;966707193.53;171;53;1;Patrocinadora
31447;289;1105;3317631;1974000419;1;108635.67;468;0;1;Grupo Custeio A/B
32489;292;4181;3376456;2004000147;1256;167221831.01;164;200;1;PCV - CAGECE
31585;293;2231;3332719;2008003019;78;10730111.21;156;111;1;GERAL
32589;296;4131;3427739;1998006311;105;3451380.84;151;169;1;Elétricas-OP
32157;298;802;3347947;1977000118;4;290376.09;512;0;1;PLANO PREVIDENCIAL A
32155;299;802;3347930;2003001956;530;116719262.50;115;145;1;PLANO PREVIDENCIAL B
31624;300;1051;3333524;1991001411;25208;2125772758.74;105;191;1;19910014-11 WSS
31889;310;655;3339193;2007001519;0;0.00;0;0;1;PLANO PETROS 2 / BD
31453;311;3188;3328297;2002000719;839;146993978.82;163;143;1;EBC PREV
31544;314;1599;3331974;2001002483;403;95939069.82;149;197;1;Grupo Único
31851;315;1256;3337895;2009001265;3;235412.84;120;234;2;ABR
31584;316;2231;3332717;2011001218;132;15377441.86;68;209;1;GERAL
31682;317;1434;3334912;2000000411;31;883654.91;170;157;1;20000004-11
31761;318;2083;3336787;1973000156;10;0.00;0;0;1;BD - Total
31762;319;2083;3336791;1995002356;0;0.00;0;0;1;CENIBRA - Total
31564;320;535;3331990;1982000538;5953;48993306.84;234;96;1;Grupo FusanPrev
31970;325;271;3341208;1983000256;63;3878853.62;272;122;1;Plano de Custeio 01
31969;326;967;3341204;2000001947;6;982501.13;537;0;1;GERAL
31341;327;401;3311459;1988000629;74;3059932.72;419;43;1;Plano BD
31904;329;312;3339251;1978000138;2006;1698441.55;401;33;1;Geral
31342;330;401;3311461;1997000611;3466;289456225.37;131;208;1;Plano CD - SCruz
31574;332;494;3332406;1981001174;291;0.00;237;113;1;FUCAP
31575;333;494;3332392;2010000838;562;0.00;76;132;1;SALUTARPREV
31384;334;237;3312938;2007000792;4227;65762929.67;163;133;1;Embrapa-FlexCeres
31654;337;326;3334452;2000005683;1133;246471405.31;135;168;1;Pat. ONS
31898;338;2525;3339241;1974000265;240;60305208.34;268;82;1;BD-ESUL
31902;341;2525;3339247;2009003756;734;171755956.32;177;163;1;CD-ESUL
31331;358;4831;3309810;1988002729;0;0.00;0;0;1;COSERN
31385;360;237;3312942;2007001047;25;347906.99;315;131;1;Ceres Básico
31408;361;237;3316013;2007000865;77;1026565.72;163;202;1;Ceres-FelxCeres
31317;362;237;3308360;1981000119;1;4579.03;439;63;1;Epagri Básico
31399;363;237;3314960;2005002356;1253;14819091.63;226;114;1;Epagri-FlexCeres
31371;364;237;3312484;2005002283;356;3841424.74;424;20;1;Epagri Saldado
31324;365;237;3309068;1982000147;3;2035.75;343;91;1;Emater Básico
31411;366;237;3316019;2007002647;1245;9287737.48;238;127;1;Emater-FlexCeres
31343;367;237;3311463;2007002574;842;6721811282.00;299;118;1;Emater Saldado
31316;368;237;3308201;1982000856;0;0.00;0;0;1;Epamig Básico
31412;369;237;3316021;2007003392;440;2977262.32;260;98;1;Epamig-FlexCeres
31370;370;237;3312482;2007003147;285;1667117.88;330;98;1;Epamig Saldado
31313;371;237;3307990;2009001192;451;5618795.47;111;175;1;Cidasc-FlexCeres
31306;378;727;3306552;1971000256;2;651758.51;498;0;1;PLANO PLENUS
31323;398;4831;3309066;1998006565;58;6208236.91;143;0;1;Plano CD
31917;400;2169;3339848;1999000374;1496;154049785.32;106;190;1;PlanoPACV
31407;403;1273;3315742;1985000229;0;0.00;0;0;1;SOMUPP
32116;421;1541;3347006;1986000656;9;1003549.82;389;41;1;Gasius
31419;422;655;3316532;2009001974;11;0.00;148;106;1;Custeio Prev-ESTAT
31887;425;1184;3338764;1979005583;25473;0.00;214;0;1;BD
31573;427;3678;3332404;1989000819;148;18321478.90;248;159;1;SENAI-RS
31774;428;1746;3337183;1982003065;2241;148921374.00;264;156;1;PREVEME
32424;429;3438;3362988;2007001111;502;66845000.00;182;181;1;T-SYSTEMS
32511;432;3085;3388434;2000007074;157;13046496.24;184;116;3;Plano Misto
32208;433;2991;3348932;1994002492;2785;211820108.11;135;237;1;PATROC APERAM
32207;434;2991;3348932;1994002492;19;1726730.07;94;267;2;PATROC ACEPREV
32272;435;1911;3354557;2006005847;284;18410658.53;104;211;1;SENAI-MA CD
31623;438;3438;3333435;2007003856;62;4144418.76;128;163;1;DACARPREV
32510;439;1911;3386908;1993001311;0;0.00;0;0;1;SESC BD
31721;440;3321;3335775;1995002992;9957;591812301.99;108;240;1;1 - Tramontinaprev
31403;459;984;3315084;1994002883;14;106826.68;283;117;1;DME
32275;460;1523;3354566;1998004465;10948;1015455477.40;238;100;1;REB
32034;461;1523;3343041;2006003674;77787;14404241762.11;174;89;1;NOVO PLANO
31884;462;1184;3338746;1984000111;225;16887130.63;158;176;1;BD1
31974;464;1184;3341222;1984000292;5123;427125549.76;384;11;1;BD1
32163;465;93;3348226;2000002692;164;14051015.94;240;0;1;Santander/Isban/Prod
32309;466;3438;3355343;2009003519;45;1618951.00;100;285;1;Barueri
31837;467;2258;3337948;1994001747;1576;83586963.00;144;224;1;4,40235E+13
31454;468;655;3328275;2004001356;42;0.00;150;122;1;Participantes
31599;473;792;3332753;1998000974;7;1766490.99;396;8;1;PLANO 2-A
31598;474;792;3332751;1998000818;0;0.00;0;0;1;PLANO 3-A
31602;476;792;3332757;1999002938;0;0.00;0;0;2;PLANO 01-B - CD
31603;477;792;3332757;1999002938;1757;520860872.34;223;127;3;PLANO 01-B - BD
31597;478;792;3332749;1988000718;10;4818158.51;394;12;2;PLANO 01-A
31642;479;3531;3334152;1996003038;880;38663574.48;96;180;1;Grupo RBS - I
32311;480;3438;3355343;2009003519;1369;50444157.00;153;202;2;Guarulhos
32307;481;3438;3355343;2009003519;554;64977100.00;65;238;3;JundiCamaçariPGrossa
32312;482;3438;3355343;2009003519;30;0.00;0;0;4;Manaus
32308;485;3438;3355343;2009003519;203;26795378.00;101;204;5;Varzea Paulista
31973;486;967;3341216;2000000983;0;0.00;0;0;1;GERAL
32370;487;4203;3357690;2000001319;18;244049.00;333;45;1;PBS TNC
32000;488;967;3342392;2000004318;291;46146409.66;245;45;1;GERAL
32047;489;967;3343078;2002003947;253;39734967.35;182;122;1;GERAL
31981;490;4203;3341232;2004000929;8;516885.00;302;79;1;CELPREV
32302;496;3438;3355324;2005002992;2210;196347243.00;72;190;1;Icatu Seguros CD
31742;498;309;3336496;2011000165;94;18962312.85;108;238;1;Plano CV
31539;499;3188;3331664;1996004883;1116;159839066.01;208;139;1;CPRM PREV
32172;500;1239;3348800;1979003165;229;30505967.18;350;63;1;BSPS
32131;502;1239;3347857;1979003238;434;49145798.26;351;38;1;BSPS
31570;504;3304;3332398;1995002747;6354;202591483.00;228;192;1;MARCOPREV BD
31999;505;655;3342390;2004002638;1335;152660478.49;154;133;1;SANASA - CD
31596;506;2931;3332747;1994000211;15994;731523384.00;60;288;1;Randon1
32128;507;1239;3347851;1979002738;30;0.00;364;42;1;BSPS
31325;508;165;3309070;1979001911;6;482255.00;420;24;1;Único
31440;521;3188;3317387;1997002183;0;0.00;0;0;1;ARYSTA LIFESCIENCE
31672;523;655;3334629;2002000492;477;42022230.90;108;224;1;Custeio ALESAT
31567;524;4577;3332201;2008003892;1130;0.00;79;425;1;Instituído
31568;525;4577;3332205;2010001974;142;0.00;115;243;1;Patrocinado
32289;527;1911;3354974;2008003183;679;49725624.65;80;138;1;Custeio FIEPA
32318;528;3438;3355359;2005006556;517;30755124.42;124;136;2;Custeio FIEPEprev
32276;529;1911;3354569;2009003365;321;24238585.32;81;189;1;Custeio PrevFIEA
32313;541;3438;3355347;2005003638;329;15431020.00;67;220;5;Jaguari
32314;542;3438;3355347;2005003638;2368;106681417.00;54;208;6;CPFL
32299;543;3438;3354984;2008003256;192;23699579.52;108;253;1;SABIC-PREV
31933;544;3438;3339971;1989001238;106;13101529.97;161;84;1;Lufthansa
31842;545;312;3337960;1978000219;1029;257082467.72;536;0;1;Geral
32342;546;3438;3356366;2009002083;373;33890043.15;64;210;1;CD XPrev
31387;547;211;3312946;1996005138;1916;297287043.94;217;102;1;Custeio Plano Misto
32638;548;59;3487585;1982001811;0;0.00;0;0;1;Plano BD II
32279;552;59;3355057;1982000783;11;951772.90;312;24;1;Plano BD I
31843;554;312;3337962;2006003429;6642;998067519.80;176;73;1;Geral
31754;556;3188;3336732;2010000374;98;14900879.63;150;60;1;SGC PREV
32454;559;1208;3366977;1998001474;0;0.00;0;0;1;35% da M S
31472;563;3188;3329114;1998005674;1988;92575198.43;51;298;1;CAMPOS PREV
31652;564;326;3334448;2009002938;327;66702873.77;125;188;1;Pat. EPE
31589;565;864;3332737;1971000183;517;131572376.17;360;120;1;Furnas Eletronuclear
31590;566;864;3332739;2002000311;2233;531362619.48;168;204;1;Furnas Real Grandeza
31653;567;326;3334450;2006001574;842;190921123.77;165;99;1;Pats. CD Eletrobras
32268;568;1911;3354548;1992001618;0;0.00;0;0;1;SENAI-PI BD
31441;569;3023;3317389;1979003718;66;2592833.23;336;84;1;ItausaBD
31920;570;2169;3339856;1972000111;1;292792.11;542;0;1;PlanoPCA
32140;572;1261;3347878;2005006165;1135;264376763.95;157;232;2;SBPL
31416;573;655;3316521;2006001256;23;0.00;152;161;1;Participante
31592;574;326;3332743;1979002118;9;1599574.71;372;24;1;Pats. BD ELETROBRÁS
32579;575;1239;3425860;1982002311;188;0.00;346;58;1;BSPS
31372;576;504;3312486;1982001119;193;19341606.00;432;12;1;PLANO FUNBEP I
31924;577;3188;3339868;1996001647;172;17090302.06;207;95;1;EDSERJ PREV
31373;578;504;3312488;1998002918;5;0.00;300;24;1;FUNBEP II
31743;580;4409;3336484;2006000829;4524;0.00;106;332;1;ADVPrev
31380;581;611;3312734;1979000956;507;50321119.32;384;12;1;Grupo 1
31529;582;3678;3331451;1990001319;179;19502263.22;274;132;1;PREVIND SESI/RS
31606;583;388;3332765;1985001438;211;21829837.71;452;1;1;unico
31418;586;655;3316526;2005000411;185;0.00;168;163;1;Participantes
32090;588;1033;3346033;1979003556;0;0.00;0;0;8;PB1
32013;589;953;3342703;1976000165;0;0.00;0;0;1;Plano Custeio Único
31671;594;655;3334625;2000005918;35;4633814.38;175;193;2;CUSTEIO CDSA 2
31417;595;1585;3316544;2006000911;4294;698686658.00;72;264;1;Cultivos
32663;598;2258;3551624;2006006411;84;0.00;312;48;1;BD LANXESSPREV
31528;619;3188;3331437;2005000256;373;42545265.88;142;103;1;CAERN PREV
31456;620;3188;3328567;1997001047;46653;1900249079.17;59;290;1;AURORA PREV
32270;621;1911;3354555;2005004847;0;0.00;0;0;1;Custeio parte CD
31438;622;655;3316699;2010000447;692;110568910.14;118;174;1;Participantes
31486;623;3188;3329590;2001000847;3026;87542334.62;63;258;1;COSUEL PREV
31755;624;3188;3336734;2003001638;55;3073788.25;185;95;1;FUMEC PREV
32282;627;3188;3355221;2009002156;3632;574858689.08;114;141;1;HCPA PREV
31764;628;3188;3336801;2002000565;310;30881415.76;108;219;1;TRENSURB PREV
31315;630;299;3308047;1981000518;4558;17983496.46;494;0;2;Compl/Supl. Pensão
31422;631;655;3316538;2010001583;326;23866423.10;91;253;1;Participantes
31637;632;1482;3334136;2005004383;2182;119519772.00;144;179;1;GKN
31681;634;1434;3334910;1997000474;2;70770.31;294;153;1;CELPA BD-II
32222;635;1033;3349746;1996003674;15641;852018369.00;120;192;1;USIPREV
32083;636;655;3344406;2010004019;71;12765844.91;124;195;1;SULGASPREV - CD
31487;637;3811;3329699;1998004783;2160;365848347.28;84;156;1;Merck
32588;638;4131;3427552;1993001018;0;0.00;0;0;1;CEMAT BD-I
32585;639;3825;3426951;1998001083;556;42348293.00;156;252;1;MESSIUS PREV
31722;640;3188;3335779;1999002792;1015;109973352.32;128;200;1;CASSI PREV
31758;641;3251;3336738;1995001465;3071;267771667.00;131;182;1;International Paper
31915;642;2258;3339842;1996002147;647;49815498.33;156;233;1;Previleaf
31695;643;3188;3335042;2005006483;176;35420126.95;205;94;1;PROCEMPA PREV
31989;644;691;3342378;1981000429;41194;383107285.34;315;106;1;PBD
32590;645;4131;3427743;1998006719;50;1721583.72;165;166;1;CEMAT - OP
31439;648;655;3317035;2010002547;1153;97784689.60;143;129;1;Participantes
32587;649;4131;3427548;1986000419;0;0.00;0;0;1;ELETRICAS - BD I
31571;650;3304;3332400;1995002811;390;47128381.00;96;192;1;Grupo 1
31801;651;3188;3337488;2003000283;214;28081872.00;136;164;1;FUVATES PREV
31509;658;713;3330429;1983000183;44;3860794.73;423;3;1;PLANO PRECE I
31591;659;713;3332741;1998006174;36;3124836.00;422;0;1;PLANO PRECE II
31608;660;713;3332767;2006001892;435;65796495.70;104;99;1;PRECE III CD
32288;665;1911;3355268;2006001411;2451;109937195.16;73;218;1;SESCPrev CD
32186;667;4091;3348831;2002001529;2;0.00;0;20;1;Plano BD
32093;669;2659;3346779;2000002447;3480;417582240.79;145;129;1;Participantes Ativos
31680;675;1434;3334908;1996002211;5;298339.21;340;99;1;PBPFACEAL 02
31615;676;3188;3332783;2000007856;205;25848640.35;236;123;1;1
32466;677;3188;3368156;2010005211;392;52211040.83;138;60;1;PREV FUPF CD
32529;678;3188;3414823;1989000983;4962;233143801.07;130;223;1;MAGNUS
32201;680;731;3348893;1987000765;2501;369918780.14;160;157;1;Monsanto
32399;682;1482;3360927;2004001518;74;8795526.12;217;277;1;Air France
32400;683;1482;3360927;2004001518;14;2809716.96;152;167;2;KLM
31907;686;1239;3339800;1998007383;57;6912447.36;126;237;1;ABRAPPREV
31769;689;3188;3336937;1998006247;762;76473075.12;136;249;1;ALLIANCE PREV
31388;690;211;3312951;1996005219;0;105461047.56;0;0;1;Custeio Transitório
31484;692;3188;3329304;1998004856;4131;223308656.09;81;283;1;ALFA PREV
32481;693;3188;3372293;2007003074;176;7112748.96;176;213;1;SANTA CRUZ PREV
32011;694;3188;3342448;2010005074;20;1932919.92;291;72;1;PRODUQUIMICA PREV
32475;697;3188;3371327;2003000747;74;0.00;185;191;1;SEESP PREV
31458;698;1511;3328575;1988002419;427;24609850.98;216;155;1;1
31601;699;792;3332755;1999002865;1231;149912793.80;125;195;1;PLANO 02-B - BD
31600;700;792;3332755;1999002865;0;0.00;0;0;2;PLANO 02-B - CD
31605;703;792;3332731;1999003047;0;0.00;0;0;2;PLANO 03-B - CD
31604;704;792;3332731;1999003047;199;20310926.53;130;220;3;PLANO 03-B - BD
31517;707;3188;3331092;2005001211;2805;100424056.07;76;286;1;COTRIJAL PREV
32471;708;3188;3369845;2010003047;115;7427708.28;95;240;1;IGARASSU PREV
31770;709;4368;3336990;2005004211;51437;0.00;99;252;1;PREVER
31496;710;881;3329739;1979000247;85;12023426.95;444;18;1;PlanoCPTM
31494;713;881;3329729;1994000929;181;18187669.11;344;0;1;Plano RIOTRILHOS
32525;715;357;3394779;1993000429;4;680032.99;314;55;1;Grupo BD
32487;716;357;3374259;2006006811;388;42705414.05;93;155;1;Grupo CD
32148;719;93;3347910;1987000129;82;3729394.76;420;48;1;Santander/Isban/Prod
32149;720;93;3347910;1987000129;6;0.00;432;0;2;Santander Serviços
32147;721;93;3347910;1987000129;2;0.00;0;0;3;Santander Corretora
32146;722;93;3347910;1987000129;1;0.00;0;0;4;Cabesp
31495;723;2018;3329733;1980001065;289;15577164.98;262;112;1;Plano Sergus BD
31655;724;254;3334456;1987000447;2300;138841033.50;215;152;1;Plano BD n° 02-A
32367;725;1911;3356499;1998005518;2058;135827659.89;144;100;1;UNIVALIPREVIDENCIA
31443;726;2912;3317359;2005006711;15017;1177376184.00;120;240;1;Votorantimprev
31512;727;2071;3330435;1986000583;528;75482934.12;216;96;1;Unisys Brasil
31788;731;2258;3337427;2007002256;204;35807913.96;101;200;1;AVAYA PREV
31844;732;4101;3337964;2002001847;10303;870701830.00;167;144;1;único
32190;733;4532;3348852;2008004856;157;27075490.33;95;137;1;Plano CD
32081;740;1081;3344401;1979004374;182;12893137.01;237;135;1;RGE SUL
31478;742;1482;3329081;2005006092;894;149863000.00;108;212;1;ALTANAPREV
31414;746;922;3316025;1981001018;0;0.00;0;0;1;Plano Benefícios I
31700;747;2302;3335196;1988002011;58;2551795.00;46;16;1;PB1
31640;748;1482;3334148;2001000383;4040;39464625.42;134;212;1;COATS CD
31444;749;4618;3317372;2009002474;1355;0.00;89;239;1;SBOTPrev
32490;753;4114;3376461;2002004129;43864;864449583.00;108;168;1;Carrefourprev
31389;758;211;3312954;1997002329;3862;0.00;0;0;1;Custeio Pecúlio
31442;759;2912;3317391;1993003738;118;8341524.00;300;84;1;VCNE
31298;760;4221;3192097;2005000892;689;39525800.73;97;202;1;Plano JMalucelli
31858;761;93;3338686;2006007556;1;0.00;588;0;1;Santander
31311;763;2484;3307795;2005000183;4209;244060822.33;102;245;1;Cyamprev II
32285;764;1911;3355235;1997003211;2556;177837925.46;84;219;1;FIEP CV
32134;765;117;3347865;1979004765;115;4056971.10;426;31;1;BPI
32492;767;1403;3378550;2000008038;541;3696093.84;201;96;1;Grupo Único
31757;768;998;3336736;1988001129;0;0.00;0;0;2;Pecúlio Complementar
32497;770;196;3380581;1999004183;39;3694783.08;276;36;1;PMB
31891;773;4011;3339221;2000002056;0;0.00;0;0;1;PB I
32297;774;93;3355296;2005003956;175;17001902.04;204;132;1;Santander/Isban/Prod
31345;776;1403;3311547;1981000747;0;0.00;0;0;1;Grupo Único
32169;777;1239;3348796;1995003311;4463;289055115.05;155;108;3;Ford Motor Company
31892;778;4011;3339225;2000002129;2;33685.74;0;0;1;PB II
32243;780;4087;3353066;2007000156;3968;326975331.00;112;209;2;Farmaceutica
32670;782;3647;3663129;1997001829;228;6241802.04;143;164;1;Unico
31841;784;312;3337958;1978000383;662;139296209.91;542;0;2;Geral
31336;785;4831;3311067;1974000583;0;0.00;0;0;1;PLANO BD 2
31492;786;881;3329721;2000003729;125;18068027.64;184;103;1;Plano REFER
31580;788;2231;3332697;2010002229;8392;671051541.81;137;130;1;GERAL
32422;810;1482;3362034;1995000256;3;0.00;156;284;1;Petrocoque
31773;811;3366;3337181;1995003018;1320;188142519.37;123;210;1;RochePrev
31467;812;611;3329100;1998003183;0;0.00;0;0;1;ACMV
32498;814;2333;3380587;1992001065;1982;145432623.00;204;180;1;Plano de Benefícios
31375;815;611;3312492;1983000418;180;30600710.00;384;72;1;Franprev
32203;817;1972;3348898;2007000229;0;0.00;0;0;1;BásicoPlus-B.Antigo
32202;818;1972;3348898;2007000229;8;3098467.06;361;28;2;BásicoPlus-Bas/Supl
31704;819;4234;3335743;2004002956;8922;0.00;98;321;1;PBPA
31644;822;1482;3334164;1994004274;1;0.00;288;48;1;PREVI-FIERN BD
32092;828;2659;3346871;1995001783;2;553224.88;318;18;1;1
31586;829;4515;3332721;2007003538;3974;0.00;98;252;1;planjus
31679;830;1434;3334906;1986000192;8;525756.20;374;113;1;1
32245;831;1434;3354507;2005005029;2418;236833302.68;84;244;1;2
31728;837;223;3335799;2011000874;38;9861248.70;225;127;1;PBDC
32493;838;1403;3378554;2008004783;62;55501.38;441;3;1;Grupo Único
31932;839;3438;3339968;2000003011;3319;168415315.68;180;168;1;Otis
32014;858;953;3342708;1976000238;11;760855.32;0;0;1;Plano Custeio Único
32594;859;4131;3429848;1989001165;0;0.00;0;0;1;Plano I
31896;862;4011;3339233;2000002218;4;0.00;270;57;1;PB III
31673;863;4248;3334707;2000001718;12;0.00;0;0;1;PBS Telesp
31374;866;611;3312490;2006005383;2;0.00;396;12;1;Banorte II
32097;868;1081;3346900;1979004447;149;255759.66;396;8;1;CEEE
31310;872;2484;3307787;2004001992;523;47338076.89;310;82;1;Cyamprev
32179;873;117;3348819;2009001338;4895;493690030.47;125;221;1;Banrisul
32482;874;2141;3372875;1980001219;0;0.00;0;0;1;Assistidos
31859;876;2052;3338692;1990000983;100;49669356.00;192;72;1;Texprev
31491;877;881;3329717;1999004256;111;12443528.76;388;2;1;Plano RFFSA
31435;878;2823;3316751;1994000465;9307;632618820.50;108;216;1;Plano Previsenac
32591;879;4131;3427747;2006006665;133;5205280.56;157;140;1;Plano R
32340;880;1911;3356484;1998004147;219;14940067.09;180;228;1;CATOLICA SC
31434;881;2823;3316747;1994000538;7397;681264762.96;144;192;1;Plano Previsesc
31488;882;881;3329703;2000003656;1951;276990389.39;251;68;1;Plano CBTU
32040;883;1239;3343054;1982002174;297;51180202.58;389;33;1;BSPS
31822;885;2258;3337930;1993003029;340;32952166.80;108;190;1;Novozymes Latin Amer
31634;888;1482;3334132;1999000218;960;26598531.12;87;208;1;COOPER TOOLS
32196;889;4371;3348876;2005004911;28274;0.00;0;0;1;CIASPREV
32096;890;1081;3346895;1979004692;16;1595769.37;391;32;1;RGE
31650;891;134;3334188;1986000818;4803;771503742.62;108;240;1;PlanoBASF
32496;892;1345;3380349;1980002347;0;0.00;0;0;1;Unico
31483;893;1482;3329096;2000004083;574;3344832.25;57;190;1;Sindusprev
32008;894;2811;3342426;1993002774;3133;231164243.57;150;160;1;CPPREV
31940;895;2292;3340966;1990002129;122;6273469.41;372;24;1;Arcelormittal Brasil
31481;896;1482;3329092;2002001618;740;4195640.81;132;157;1;Veraprev
31990;897;1239;3342382;1979003092;47;0.00;359;25;1;BSPS
31392;898;2066;3313819;1974000192;7653;60739525.72;118;169;1;ULTRAPREV
31683;899;1434;3334914;2008000974;315;24437801.70;164;139;1;FACEAL CD Nº 001
32334;901;3945;3356463;1999002318;349;1272404.00;261;38;1;Pfizer
32335;902;3945;3356463;1999002318;1423;298883845.00;106;135;2;Wyeth
31749;904;1821;3336712;1980002274;780;9904201.68;228;132;1;Cosan
32200;905;731;3348890;1982002956;0;0.00;0;0;2;Symrise
31931;906;3438;3339964;1999001011;3112;102993491.00;132;216;1;Springer
31520;907;4443;3331419;1988000947;0;0.00;0;0;1;Plano 1
32026;909;3602;3342742;2009000511;4568;239716288.00;180;132;1;Plano II
31427;910;3126;3316719;2006003811;12;0.00;0;0;1;CISPER
32103;912;3602;3346788;2011001692;34167;1303142870.28;66;223;1;Plano III
31402;913;984;3315082;1981000992;0;0.00;0;0;1;PB 001
31461;915;2172;3328875;1988003229;169;0.00;303;92;1;Previcoke
31662;919;2556;3334667;1993000119;1093;163455258.46;358;25;1;PB I
32150;920;93;3347914;1994000619;0;0.00;0;0;3;Santander Corretora
32153;921;93;3347914;1994000619;4;0.00;348;72;4;Cabesp
32042;922;1239;3343062;1979002983;30;6711655.86;352;44;1;BSPS
31489;924;881;3329707;2000003974;234;13612633.97;442;1;1;Plano CENTRAL
31664;925;2556;3334675;1998007618;6402;858410500.89;169;171;1;PB II
31493;932;881;3329725;2002001065;189;17640596.48;397;10;1;Plano METROFOR
32608;933;3006;3436287;1994002174;4;1856697.84;294;294;1;Plano Básico
31473;935;3928;3329070;1999001265;9034;641950722.36;56;165;1;Avonprev
31506;937;2172;3330040;2005005592;622;119713717.37;144;140;1;Plano CD
32204;938;1972;3348900;2005001783;1560;314341611.00;104;223;1;MultiFlex
31901;940;2525;3339245;1979004511;112;18116761.13;154;167;1;CGTEE
31294;944;4221;3191827;2006004247;673;0.00;127;140;1;Plano ACPrev
31546;945;3126;3331976;2008000192;1474;242480394.96;132;276;1;FMC Tech
32055;946;4461;3343016;2006005065;17788;0.00;96;300;1;PBPA
31376;947;611;3312494;2009002865;8806;1005089701.20;336;120;1;Itaubanco CD
31426;948;3126;3316717;2006003747;24;1313772.48;173;150;1;Mineração Descalvado
31490;949;881;3329711;2008001619;58;3388027.37;356;16;1;Plano CTS
32421;950;1482;3362028;1993002911;696;4830204.86;216;108;1;PREVMETAL
31666;951;3099;3334679;1994003065;0;0.00;0;0;1;Sistema Firjan
31465;952;611;3328841;2010004418;385;49628140.00;144;168;1;Previdencia Redecard
31717;954;1537;3335767;1988000165;2;0.00;156;252;1;Mineração Tanagra
31718;957;1537;3335767;1988000165;1424;99940441.56;144;228;4;Anglo American
31714;958;1537;3335767;1988000165;8;1741791.96;108;204;5;Fundambras
31715;961;1537;3335767;1988000165;2620;273338892.48;72;264;8;Minério de Ferro
32176;965;3527;3348814;1996002619;1201;16325504.03;177;94;1;HPE
32332;966;2258;3356164;1995003174;570;152337356.21;98;225;1;GIVAUDAN
32165;967;93;3348226;2000002692;0;0.00;0;0;2;Santander Serviços
32162;968;93;3348226;2000002692;2;0.00;264;60;3;Santander Corretora
32166;969;93;3348226;2000002692;116;11198356.13;144;168;4;Cabesp
32164;970;93;3348226;2000002692;75;6431892.22;96;228;5;Banesprev
32502;971;936;3382964;1990001483;2715;284357787.48;333;40;1;Grupo Único
31994;972;1239;3342384;1979002819;229;27154060.18;369;47;1;BSPS
31675;973;4248;3334715;2011001919;5373;816670735.27;216;96;1;Visão Telefônica
32597;974;1105;3431546;2010001265;3524;193460141.16;62;202;1;Plano D
32463;976;4128;3367301;1995003565;1817;60530414.49;120;168;1;Visteon
32118;977;655;3347816;2003002383;0;0.00;0;0;1;Nitriflex/DSM
32540;978;3825;3421456;1989001874;4003;263586789.00;110;289;1;Goodyear
32541;979;3825;3421456;1989001874;1056;85743609.00;106;229;2;Titan
31701;980;2302;3335198;1988000483;17759;1187062704.00;120;192;1;cd
32506;981;984;3383925;1990001629;0;0.00;0;0;1;FCEMG BD
31805;982;2258;3337900;1990000118;3739;230681606.00;144;228;1;Eaton
31527;984;4443;3331378;2006007165;2622;238625427.82;87;257;1;ENERGIAS DO BRASIL
31579;985;4279;3332693;2004002711;84761;0.00;71;242;1;Precaver
32143;987;1991;3347892;1996003119;1126;126879168.72;180;163;1;Rhodia
32380;989;1482;3359003;2008003329;271;17940430.43;100;207;1;SAE TOWERS PREV
32473;991;182;3371179;2010001419;5851;1166527817.12;120;207;1;GrpCusteio1
31349;993;4947;3311553;1996003747;3329;47924326.44;205;145;1;SARAHPREV
31674;994;4248;3334711;2009000838;8793;968360311.44;48;192;1;Visão Multi
31791;995;4311;3337455;2005002747;38;367575.90;156;126;1;UNIPREV
31930;996;3438;3339960;2006000438;95;6009766.32;232;48;1;Grupo Kodak
31464;998;611;3328837;1997004674;1700;105802846.68;252;24;1;Itaubank
32182;1000;117;3348819;2009001338;2;343823.09;167;0;2;Banrisul Serviços
31337;1001;4621;3311065;2010005392;1431;0.00;105;221;1;CIADPREV
31646;1002;2561;3334174;1999000447;620;89850328.20;204;168;1;Nestlé
31379;1004;611;3312727;1990000592;25;2563817.00;300;120;1;Itaulam Suplementar
32509;1005;1434;3386079;1985000474;37;0.00;444;0;1;Nº002
32666;1008;3126;3584689;1993001492;1231;75624281.00;137;288;1;Essilor
31775;1021;4604;3337185;2010002083;3557;327243594.00;96;240;1;PREVEME II
31676;1022;4474;3334633;2006005774;3932;0.00;117;195;1;RJPrev
32133;1024;984;3347861;1985001365;0;0.00;0;0;1;PB PIRATINI
32161;1025;1883;3348206;2006003356;4577;274128473.00;108;191;1;Michelin
31352;1026;4385;3312052;2005006311;250;43798236.36;88;156;1;ALBAPREV
32181;1029;117;3348819;2009001338;48;3540268.81;70;275;3;Fundação Banrisul
32180;1030;117;3348819;2009001338;85;6104325.50;93;236;4;CABERGS
32183;1031;117;3348819;2009001338;72;12138342.58;121;185;5;Agência de Fomento
32028;1032;4311;3342754;1997002256;10;0.00;333;51;1;UNISULPREV
32495;1033;1345;3380341;2000006965;905;122907705.83;148;80;1;Unico
31514;1039;3861;3331086;1993001719;8211;492259042.00;93;261;1;BUNGE - SOLIDÁRIAS
31415;1042;655;3316514;2002001911;89;15818484.50;106;172;2;PLANO IBP CD
31423;1046;655;3316540;1999003111;126;29470770.03;140;170;2;PLANO REPSOL CD
31449;1047;1105;3317638;1997003147;131;14254742.50;425;3;1;Sub Pl BD Saldado
31996;1050;691;3342386;2002004765;75931;5656208006.02;175;119;1;POSTALPREV
31378;1051;611;3312723;1990000347;37;2694683.00;312;120;1;Itaulam Básico
31750;1052;4635;3336720;2011000947;5896;381338075.76;48;264;1;Futura II
32129;1054;984;3347855;1985001292;0;0.00;0;0;1;PB USIBA
31860;1056;2258;3338698;2003003029;2634;218652229.44;90;183;1;ADP Prev
32061;1060;1924;3343020;2008003711;2274;295073667.44;100;183;1;SIEMENS LTDA
31455;1065;3126;3328563;2005005811;663;123630112.08;84;240;1;QUÍMICA
32451;1067;1208;3366969;1979005265;1;36996.96;520;0;1;Suplementação da M S
31516;1070;3861;3331086;1993001719;262;12630017.00;114;240;2;TERMAG
32237;1072;4711;3352994;2008001938;6657;0.00;131;141;1;Unimed-BH
32418;1073;361;3361090;1980002029;2;332909.20;436;60;1;Plano BD
32087;1074;936;3345593;2010002156;7924;915456473.36;106;129;1;Grupo Único
31470;1075;611;3329108;1980001529;3;145197.00;374;0;1;Básico
31781;1076;2258;3337409;1999003829;242;39700717.80;1284;156;1;Agilent
31393;1079;4831;3314309;2005005274;639;40080619.54;94;0;1;CELPOS CD
31588;1082;1554;3332735;1978000456;31;3272517.17;456;32;1;Plano Básico
31515;1083;3861;3331086;1993001719;354;17394258.00;111;243;3;TGG
32460;1100;1818;3367205;1997001365;191;14638144.00;336;72;1;PLANO BENEF. A
32283;1101;241;3355226;1979003947;18;2907237.45;422;5;1;PBDC
32284;1102;241;3355231;2010003683;643;106784207.00;93;152;1;MOEDAPREV
32464;1103;1571;3368185;1980001383;4;0.00;516;0;1;Plano BD
32528;1104;361;3411921;2001002238;108;0.00;438;2;1;Plano BS
31968;1106;1242;3341196;1985001683;2371;446963287.00;130;197;1;Pl. Suplem. Citibank
31731;1107;45;3335803;1999002474;673;54738895.25;274;59;3;Plano Beta
32220;1108;361;3349736;2001002165;2582;572239760.04;213;97;1;Plano CD
32067;1109;1924;3343020;2008003711;492;34928845.33;111;168;2;EPCOS
32518;1110;744;3389803;1986000729;5752;575237209.04;183;169;1;Robert Bosch
32515;1111;744;3389803;1986000729;8;280798.70;124;138;2;AFRB - Campinas
32516;1113;744;3389803;1986000729;2;650171.47;215;0;4;Previbosch Sociedade
32517;1114;744;3389803;1986000729;536;53639272.31;186;154;5;Bosch Rexroth
32523;1116;744;3389803;1986000729;6;289622.32;179;126;7;AFRB - Curitiba
32522;1117;744;3389803;1986000729;420;35432803.51;172;151;8;ZF Sistemas
32520;1118;744;3389803;1986000729;6;480822.81;120;139;9;Instituto R Bosch
32598;1121;3126;3434044;1994002956;1869;222249493.05;96;156;1;AZENPREV
32193;1125;4282;3348761;2004003065;11663;0.00;95;273;1;Plano CD
32032;1128;1883;3343029;1988001056;599;43129489.00;334;100;1;Michelin
32533;1129;3126;3415137;2006004011;1109;175861507.77;110;242;1;SCHNEIDER
32461;1131;1818;3367207;2002000174;2158;244989642.00;108;228;1;PLANO BENEF. D
31469;1132;611;3329106;1979004056;2829;169763413.69;340;56;1;PAC
32453;1138;1208;3366973;1995003956;6015;461427270.33;171;134;1;Milênio
32248;1139;4042;3354476;2000004792;1845;195900719.17;123;82;1;VOITH PAPER
32063;1140;1924;3343020;2008003711;1006;186282577.52;89;188;3;HEALTH CARE
32664;1141;2258;3551176;1993003811;623;129809266.60;72;228;1;Novo Nordisk Farmacê
32066;1144;1924;3343020;2008003711;258;26103822.40;112;200;6;CHEMTECH
31565;1151;2021;3332219;1979001138;12;1281305.61;308;104;1;PLANO CLT/SALDADO
31706;1152;2021;3335763;1991001274;105;17923182.38;331;65;1;PLANO RJU INV/PEN
31705;1153;2021;3335763;1991001274;5374;778345919.35;481;6;2;PLANO RJU PECULIO
31381;1155;611;3312738;1984001019;90;9554316.00;408;108;1;PREBEG
32343;1156;81;3356491;1998001229;1143;154355670.17;267;117;1;BANESES
32071;1157;1924;3343022;1989000347;258;17083880.19;239;178;1;SIEMENS LTDA
32069;1159;1924;3343022;1989000347;86;5663785.66;259;178;2;EPCOS
32073;1160;1924;3343022;1989000347;37;10643546.42;246;168;3;HEALTH CARE
32627;1167;1571;3467823;1996000365;7174;1182450114.69;144;216;1;Plano CD
32120;1168;655;3347820;2003002618;2;324618.27;474;0;1;Ultrafértil
31835;1169;2258;3337876;2007003211;1070;85519375.56;108;214;1;todos
32095;1171;1969;3346890;1999004019;3466;292641375.00;122;166;1;Grupo White
32094;1173;1969;3346890;1999004019;69;6628915.00;124;94;2;Grupo Graftech
32051;1174;1924;3343088;1989000274;246;25523343.72;236;172;1;SIEMENS LTDA
32052;1175;1924;3343088;1989000274;197;9327174.72;263;178;2;EPCOS
32049;1176;1924;3343088;1989000274;48;10252897.68;238;174;3;HEALTH CARE
32086;1182;936;3345591;1998003256;864;107059648.44;158;31;1;Grupo Único
31746;1184;1198;3336504;1998003019;3388;252803149.04;103;207;1;Plano CV
32119;1185;655;3347818;2003002456;24;3994114.19;456;2;1;Lanxess
31782;1188;2258;3337413;1995000183;435;41230377.36;120;156;1;Plano de Benefícios
32329;1190;4683;3356194;1990001165;23960;772160836.80;502;0;1;Todos PPF
31977;1195;4217;3341152;2010004183;33;0.00;138;291;1;PrevTran
32544;1205;3825;3421462;1993001638;4999;207623354.28;60;312;1;HERINGPREV
32547;1218;3825;3421466;1994000783;18;362782.03;168;192;1;LUBRIZOL PREV
32386;1222;1482;3360882;1998004392;854;30975068.64;259;138;1;SGA-PREV
31536;1224;1482;3331465;2005001074;38;289786612.00;339;75;1;BD Invista
32378;1225;1482;3358999;1995000892;206;13120660.00;126;187;1;ARCH
32428;1226;1482;3363900;2009001818;248;26378000.00;76;210;1;Andritz
32025;1228;3602;3342740;1979000638;5455;379085646.00;324;60;1;Grupo de custeio 1
31958;1232;2258;3340984;2000004474;4558;267578349.84;146;183;1;45.039.237/0001-14
32217;1242;2841;3349730;1993003592;4;876186.61;331;21;1;Plano de Custeio I
32218;1243;2841;3349732;2005004529;756;0.00;213;61;1;Plano de Custeio II
32219;1244;2841;3349656;2005004611;2194;421915596.31;159;96;1;Plano de Custeio III
31702;1247;2302;3335200;1988000319;389;17847078.00;264;108;1;Plano Aposentadoria
31806;1248;2258;3337902;1996002465;1167;120883208.76;138;180;1;EMBAIXADA DOS EUA
31960;1249;2258;3340988;2006001647;6288;390321499.10;84;252;1;Kraft Foods Brasil
32582;1251;3825;3426797;2001001118;801;76409778.60;156;180;1;Arm Prev
31667;1254;3099;3334683;1994004411;0;0.00;0;0;1;SEBRAE/RJ
32602;1255;3438;3434143;2001002092;545;36256923.54;124;294;1;Starret
31669;1256;3099;3334691;1997000318;1;0.00;312;0;1;SESC - ARRJ
31792;1258;2258;3337459;1993002847;210;31319937.74;122;168;1;61.741.690/0001-24
32414;1260;1482;3360972;2010004965;367;18014196.87;92;207;1;PETROCOQUE II
32416;1262;1482;3360979;2011001129;984;114529493.52;59;219;1;UNIGEL PREV
32536;1263;3825;3421162;2004000211;284;25156995.89;144;48;1;CESAMA
31394;1265;4831;3314314;1981000283;30;2824113.12;387;25;1;PLANO BD
32167;1266;1171;3349716;1981001492;88;14391381.03;501;0;1;Plano BD
32542;1269;3825;3421458;1988003318;20;0.00;0;0;1;GRACE PREV
32456;1270;14;3366987;1980000883;29;3535447.11;162;242;3;PLANO BD
32315;1272;3438;3355351;1999001729;4439;234215731.00;102;283;1;AJINOMOTO
32249;1274;2258;3354523;1992000719;2088;191431119.00;115;178;1;Comp. Metalurgia
31833;1278;2258;3337942;1992000565;195;44926372.32;66;235;1;PLANO DE APOSENTADOR
31391;1279;4831;3313810;1998003647;2358;152134678.32;109;0;4;COELBA E FAELBA
32575;1280;3825;3421486;2007003619;1182;204911873.79;108;84;1;PREVINOKIA-SIEMENS
31796;1281;2258;3337467;2001000618;32;0.00;240;0;1;CHEMPREV
32080;1284;4412;3344308;2006001329;7263;0.00;92;161;1;PBPA
32007;1286;2854;3342348;2011000319;441;46296093.74;209;63;1;MAISPREV
32205;1287;1081;3348921;2002001456;1450;188451113.63;186;185;1;CEEEPREV
31872;1288;2213;3338722;1991002483;357;12056845.00;130;154;1;Parex
31877;1291;2213;3338722;1991002483;2353;90987249.00;115;152;4;Lafarge Brasil
32630;1292;4039;3483365;2000004229;7074;411618910.20;58;342;1;KPMG
32382;1293;3887;3359005;1999004965;1222;210662086.70;144;185;1;Plano Benef. POUPREV
31468;1294;611;3329102;1997004038;5828;602625135.97;217;50;1;Futuro Inteligente
31463;1295;611;3328882;2009002547;2254;129887151.00;216;180;1;Itaú BD
32534;1299;3126;3416828;2006001183;1618;125351638.00;84;216;1;Plano Alstom
32280;1300;2258;3355127;1993000992;301;77349920.00;95;229;1;Plano Deutsche Bank
31366;1304;2909;3312082;1993003411;116;27115145.98;93;167;1;GENERAL ELECTRIC DO
31409;1305;3839;3316015;1998004929;11772;880593942.96;134;267;1;PREVIHONDA
31878;1306;1136;3338726;1980001911;67;6989002.00;438;61;1;BANDEPREV PLANO BAS
32512;1308;3099;3388438;1996002392;0;0.00;0;0;1;SENAC/ARRJ
31708;1309;1537;3335765;1980001774;2;0.00;169;252;1;Mineração Tanagra
31377;1311;611;3312719;2009002611;853;75680737.00;216;168;1;Itaú CD
32390;1313;1482;3360898;1993001565;86;9007077.40;122;133;1;TAP-AIR
32546;1316;3825;3421464;2005004774;7716;536012312.00;84;288;1;John Deere
31879;1319;1136;3338730;1998005992;0;0.00;0;0;1;PLANO ESPECIAL 1
32322;1321;285;3356172;1979001774;1041;1512988.00;375;0;1;Plano I e II
32379;1322;3407;3358963;1995003247;1604;190817543.64;164;216;1;TETRA PAK PREV
32323;1323;285;3356174;1998005283;7580;941013551.00;179;107;1;Plano III
32324;1324;285;3356177;2006000756;10939;2045119418.46;213;0;1;Plano Pecúlio
31880;1327;1136;3338734;1998006018;0;0.00;0;0;1;PLANO ESPECIAL 2
32425;1330;775;3363469;2007002965;25;0.00;165;133;1;ASSOREL
32300;1332;3438;3355314;1999001656;1185;85906566.84;102;184;1;CLFP - PPG
31919;1333;2258;3339854;1989000738;548;15772557.97;264;156;1;Cryovac Prev
32091;1334;1969;3346855;1981000356;0;0.00;0;0;2;Grupo White
31882;1336;2796;3338738;1993002529;3412;262674205.56;182;211;1;Plano de Benefícios
31827;1342;2258;3337934;2005005347;109;1649203.00;288;24;1;PackPrev
32574;1343;3825;3421484;1988002192;9;0.00;492;0;1;PREVIDA
32005;1345;2854;3342418;1995002518;3;213439.85;276;65;1;COMCAPREV
32623;1347;2258;3464243;2008000729;251;11690580.00;136;204;4;Plano Veyance
32373;1350;2258;3357696;1981001565;291;20988722.00;144;188;1;PQ PREV
32443;1351;14;3365935;1992000174;1022;145179041.15;362;38;4;PLANO BD
31789;1352;2258;3337435;1992000492;134;2118613.00;204;192;1;Baxter BD
31711;1355;1537;3335765;1980001774;1487;98904958.56;132;240;4;Anglo American
31709;1356;1537;3335765;1980001774;8;1741791.96;108;204;5;Fundambras
31707;1359;1537;3335765;1980001774;2910;286371905.04;72;264;8;Minério de Ferro
32625;1363;2258;3462493;1998005356;1987;130853004.36;165;200;1;CORNPREV
31696;1365;4594;3335048;1989001629;0;0.00;0;0;1;Plano Mobil
31857;1377;2258;3338682;1994003138;171;33498325.44;168;180;1;PrevTowers
32238;1378;4711;3353003;2008002047;2153;0.00;99;177;1;Plano de Custeio 1
31799;1381;2258;3337480;2005005411;901;7988386.00;276;108;1;CoralPrev
32035;1382;1242;3343044;1985001519;3252;522866376.00;0;208;1;Pl. BÁSICO CITIBANK
31625;1386;151;3333528;1980000956;369;40131186.12;360;60;1;Benefício Definido
31753;1387;151;3336730;1996004174;8656;947120120.16;72;228;1;ContribuiçãoDefinida
32321;1393;3438;3356170;2002000956;1471;224196817.39;131;206;1;Prev-Renda
31719;1396;1804;3335769;1988001838;1646;208665233.04;264;180;1;PREVICAT
31424;1397;655;3316542;2008002756;281;38101243.44;110;179;1;PTAprev
31786;1398;2258;3337419;2008001792;2060;136650336.00;120;228;1;AkzoPrev
31720;1410;93;3335771;1996002856;1257;226549273.44;240;84;1;CUSTEIO PB II
31723;1411;93;3335783;1979002592;1;0.00;432;0;1;CUSTEIO PB I
31724;1412;93;3335787;1996002929;1593;204775535.52;240;84;1;CUSTEIO PB III
31410;1425;3839;3316017;2009001583;124;12917778.96;96;248;1;BANCO HONDA
32507;1426;2693;3385845;1993000811;3010;101691941.04;207;166;1;ABRILPREV
32651;1430;3126;3504688;1993002219;1609;166911973.67;228;229;1;MCPREV
31925;1432;3438;3339933;2010005465;5;1673482.00;283;76;1;BNY MELLON
31353;1433;1701;3312073;1999000838;1554;196921399.03;120;240;1;PREVCUMMINS
31645;1436;4131;3334170;2008004465;1;90078.12;150;198;1;ENERGISA/INERGUS
31616;1437;3678;3332785;1999002083;0;0.00;0;0;2;PreviCIERGS - CD
31876;1439;2213;3338722;1991002483;503;26854346.00;101;160;9;Lafarge Sudeste
32246;1440;821;3354510;1988000238;3469;240596017.74;88;282;1;STIHL
31776;1441;3486;3337398;1996002074;2213;363733014.97;101;150;1;Fund Getulio Vargas
31947;1446;758;3340972;2002002411;5259;431860707.00;95;259;1;Unilever CD
32198;1448;878;3348888;1999003918;1220;153678042.00;84;252;1;RECKITT
31945;1449;758;3340970;1981001719;92;2410714.32;291;142;1;Unilever BD
31511;1454;4546;3330433;2009000919;309;68281259.67;141;59;1;CIASC
32021;1455;3472;3342719;1988001374;13288;1430068597.92;205;134;1;Peculio
31800;1456;2258;3337484;1998002365;595;66774996.84;148;103;1;DESERETPREV
32328;1461;121;3356189;1986000265;32;3194765.86;429;0;1;Básico
32647;1463;3126;3493274;1997000938;1105;101776063.32;108;229;1;AESPM
32168;1464;1171;3348783;2000008429;19;3230560.58;271;0;1;Plano Misto
32206;1465;3411;3348930;2006000292;657;117047897.72;230;152;1;Plano Mais Vida Prev
32242;1466;3592;3353062;2006005911;4735;456558193.91;96;228;1;Procter & Gamble
31831;1467;2258;3337940;1996001329;33;4758624.00;50;202;1;Watson Marlow
32611;1468;984;3437081;2000007783;294;20261571.85;120;204;1;FCEMG-Misto
32292;1471;1729;3355273;1990001092;1527;146148936.00;125;167;1;Dow Brasil S/A
32291;1472;1729;3355273;1990001092;429;56495034.00;124;168;2;Dow Brasil Sudeste
31927;1479;3575;3339944;1996004247;705;8857572.84;117;209;2;CARBOPREV
31809;1480;2258;3337904;2000004156;307;20623608.00;153;182;1;ESPN
32368;1481;121;3356503;1998003711;165;15557122.62;0;0;1;Misto I
32251;1482;2258;3354531;1989000118;138;19444293.06;143;163;1;Grupo Castrol
32253;1483;2258;3354531;1989000118;55;10197991.58;128;153;2;Grupo Air BP
32252;1484;2258;3354531;1989000118;84;17555346.13;124;155;3;Grupo BP Energy
32020;1486;3472;3342715;1984001183;1262;202367273.81;109;165;1;MAN
31845;1488;2258;3337966;2000006019;108;10199569.77;124;221;1;TFLPREV
31871;1489;2511;3338714;1992001529;22306;2125296469.00;190;160;1;SANTANDERPREVI
32036;1490;2052;3343048;2006001011;112;18087004.00;132;156;1;PREVCHEVRON
31445;1491;3126;3317394;2001001983;457;21239432.88;109;228;1;Campari - Suplementa
31446;1493;3126;3317394;2001001983;0;0.00;0;0;2;Campari Suplementar
31477;1494;1482;3329077;2005005665;353;3809026.42;131;166;1;PHIBRO PREV
31479;1497;1482;3329086;2008002438;48;2258000.00;112;209;1;CSI
31793;1502;1763;3337463;1990000819;3890;257165267.76;96;240;5;Dana Indústrias
32408;1504;1482;3360953;1987000838;0;0.00;0;0;1;COATS BD
31314;1505;237;3308045;1979000565;0;0.00;0;0;2;Embrater Basico
31698;1507;4594;3335050;2009003683;84;14866962.60;156;192;1;EMQL
31699;1508;4594;3335050;2009003683;1960;253361144.64;96;288;2;BSC
31813;1509;2258;3337914;1999000765;77;8737155.00;144;228;1;Custeio Infineum
32320;1510;2721;3355366;2004002018;14368;465530952.00;139;235;1;Grupo Prev Pepsico
31332;1511;4621;3310012;2010002318;91;0.00;81;284;1;SUL PREVIDÊNCIA
32576;1513;3825;3421488;1999005074;1393;64966439.20;156;180;1;TEXTIL PREV
31830;1514;2258;3337940;1996001329;254;23322937.00;85;173;2;Spirax Sarco
32375;1515;2258;3357752;2010001338;96;7324256.00;60;248;1;PLANO MJN PREV
31790;1517;2258;3337443;2006000683;547;85781511.13;84;144;1;BMSPREV
31971;1518;271;3341136;2008002111;27;3954808.65;93;155;1;Grupo de custeio 02
31593;1520;4652;3332725;2010004329;251;0.00;79;276;1;ABESPREV
31964;1522;2258;3340990;2007003465;4;662810.16;64;205;2;GÁS NATURAL DO BRASI
31962;1523;2258;3340990;2007003465;25;2125103.52;87;201;3;GÁS NATURAL SERVIÇOS
31963;1524;2258;3340990;2007003465;27;2450263.80;128;177;4;GÁS NATURAL SP SUL
31923;1525;2258;3339866;1996000829;1524;395349058.92;65;221;1;JPMORGANCHASE
31965;1526;2258;3340990;2007003465;307;31562741.88;121;173;5;CEG - RJ
32197;1527;971;3348880;2000006711;14644;347934743.00;94;298;1;Alpargatas
32470;1530;182;3368914;1967000174;1022;328057.40;346;22;2;Plano BD
31368;1537;2909;3312082;1993003411;1;461463.08;84;180;5;GE SUPPLY
32595;1538;4131;3429854;2002000247;18;659951.00;159;162;1;Plano II
31354;1540;2909;3312082;1993003411;1855;167821301.31;107;181;6;GE CELMA
32445;1542;1359;3365939;1991002165;1207;167997906.48;203;97;1;Ericsson/Coop./Previ
32567;1543;3825;3421480;1988002265;799;43736711.00;84;180;1;PM PREV
31358;1546;2909;3312082;1993003411;393;54956737.68;80;168;8;GEVISA
31362;1548;2909;3312082;1993003411;890;189833114.25;92;178;9;HEALTHCARE BRASIL
31356;1552;2909;3312082;1993003411;573;90213078.41;68;169;12;UNIVERSAL STU. INT.
32592;1558;4131;3427751;2008004538;27;876288.00;372;48;1;ENERGISA/INERGUS
32223;1559;3037;3349748;1994001119;568;73325230.56;107;229;1;LILLYPREV
32652;1560;4529;3513904;2008002365;1113;59659654.50;156;168;1;CASAN
32444;1562;1359;3365939;1991002165;106;12782869.68;196;116;3;Venturus
31787;1564;2258;3337423;2008000338;60;9980076.00;64;202;1;AMERICAN EXPRESS
32216;1565;1451;3349728;1979001618;484;145905981.13;188;161;1;PLANO DE CUSTEIO PPC
32565;1580;3825;3421474;1998004619;242;11633167.13;228;36;1;METRO RIO I
31768;1583;31;3336926;1988003156;2686;251259518.12;99;222;1;Alcoa Alumínio S.A.
31765;1584;31;3336926;1988003156;606;67812010.11;95;244;2;Alcoa World Alumina
31766;1585;31;3336926;1988003156;15;1778049.00;100;259;3;Comp, Geral de Minas
31364;1587;2909;3312082;1993003411;437;85615672.87;67;191;15;GE BETZ
32247;1589;1852;3354520;1985001047;15284;1357912072.27;13;91;1;PREVI-GM
32488;1590;3188;3375275;1994002565;33;10984717.38;262;45;1;Plano de Benefícios
31938;1591;2292;3340962;1998002756;3832;342328236.51;168;216;1;Patrocinadoras
31425;1592;3126;3316713;2008001229;2491;218222196.24;95;185;1;CD TOKIO MARINE
31475;1593;1482;3329126;1996002538;62;390909.20;154;132;1;FIA
32409;1595;1482;3360958;1997001111;1182;112704710.00;114;193;1;Boehringer
32230;1598;4649;3350973;2010003756;4186;375667428.11;102;274;1;Patrocinadoras TP
31594;1600;4652;3332727;2010004574;1031;0.00;144;0;1;BANESMUTUO
32410;1602;1482;3360958;1997001111;107;4475270.00;144;188;2;Solana
32446;1607;1359;3365943;1991002238;1127;150415948.68;218;152;1;Ericsson/Coop./Previ
32447;1609;1359;3365943;1991002238;81;11372850.36;199;159;3;Venturus
31326;1612;895;3309407;1985000792;246;58545837.61;403;13;1;Plano Benefícios 01
32185;1614;1314;3348825;1985000156;139;11684923.00;348;72;1;DUPREV BD
32415;1615;1482;3360976;2011000238;65;1738029.26;181;95;1;NTNPREV
31360;1617;2909;3312082;1993003411;0;0.00;0;0;19;GE TRANSPORTES
32412;1618;1482;3360965;2010001729;133;16566000.77;105;188;1;CD INVISTA
31367;1619;2909;3312082;1993003411;0;0.00;0;0;20;ELP - EFFICIENT
32566;1620;3825;3421476;1995001929;2792;127563734.28;134;153;1;OESPREV
32669;1623;895;3588691;2000002511;2373;440955301.54;144;167;1;Plano Benefícios 03
31398;1624;919;3314713;1980000719;7654;785805174.83;109;243;1;São Bernardo
32548;1638;3825;3421468;1996001574;377;22956692.00;132;156;1;MARISOL SUPLEMENTAR
31330;1639;2909;3309713;2010004711;0;0.00;0;0;1;GE Aviation
32674;1640;549;3705927;1979001456;1241;108084808.13;329;119;1;Plano Alpha
32226;1642;607;3349754;1986000338;0;0.00;0;0;1;ENERGISA/INERGUS
31895;1643;4217;3339131;2006004638;1641;144169080.84;69;301;1;PBM
32563;1644;3825;3421470;1998001156;3;0.00;0;0;1;Smart Varejo
31541;1645;549;3331668;2005003883;4250;301648945.00;104;295;1;Plano Beta
31980;1647;4217;3341230;1997000792;2;0.00;0;102;1;P03
31480;1648;1482;3329090;2011000483;122;0.00;89;200;1;ACRICELPREV
31629;1649;1482;3334122;1987001011;0;0.00;0;0;1;CNI / IEL - PREVIND
31630;1650;1482;3334124;1987001192;0;0.00;0;0;1;SENAI DN - PREVIND
31542;1651;549;3331652;2010005929;3254;213089760.00;79;282;1;Plano Gama
32553;1652;3825;3421470;1998001156;1711;102100181.04;108;252;2;Comércio
32549;1654;3825;3421470;1998001156;539;65060901.88;96;240;4;Triângulo
32555;1655;3825;3421470;1998001156;18;2660344.70;96;240;5;Tribanco
32559;1656;3825;3421470;1998001156;6;0.00;120;192;6;Tricard
32561;1657;3825;3421470;1998001156;0;0.00;0;0;7;Veículos
31631;1658;1482;3334126;1987001265;1;0.00;432;48;1;SESI DN- PREVIND
31804;1659;2258;3337898;2007000547;22;0.00;0;0;1;Plano BD
31632;1662;1482;3334128;1987001811;0;0.00;0;0;1;CETIQT (PREVIND)
31559;1665;1482;3331950;2008000265;11033;201571952.93;132;211;1;DELPHI
31921;1670;2258;3339858;2007000611;394;53177552.00;72;228;1;Plano CD
31928;1671;3438;3339952;2000001092;0;0.00;0;0;1;TELE CELULAR SUL
31474;1672;1482;3329122;1990001947;2152;9379630.98;93;209;1;NADIR FIGUEIREDO
32659;1674;3825;3530809;1993001956;1142;28835259.83;121;130;1;CONCREMAT
32209;1675;2991;3348935;1985000547;1673;54114884.85;85;254;1;ACESITA
31558;1676;1482;3331944;2010002938;68;4557837.68;66;248;1;HUNTSMAN
31826;1677;2258;3337932;1994001429;885;78382339.44;60;264;1;DIAGEO SUPLEMENTAR
31861;1692;1482;3338706;1999001818;177;23962083.58;151;97;1;TECPREV
31926;1693;3438;3339939;2000005111;313;13017364.08;240;110;1;INTELIG
32317;1694;3438;3355002;2002002118;22;1900504.97;390;14;1;TIMPREV SUL
32396;1695;1482;3360914;2003001247;4;642716.00;264;0;1;APABA
31916;1699;2258;3339846;1994001356;829;45431502.36;84;252;1;DIAGEO
31561;1700;1482;3331954;1998003892;811;150080050.75;81;181;1;RABOBANK
31633;1702;1482;3334130;1988002656;3;342540.63;300;33;1;SENAI - AM
32402;1703;1482;3360935;2005001392;456;28523480.50;82;249;1;WESTPHARMA
31636;1704;1482;3334099;2000007211;0;0.00;0;0;1;PREVIND II - BD
31635;1705;1482;3334099;2000007211;1236;220912162.97;89;161;2;PREVIND II CD
31638;1706;1482;3334140;2006003038;40;4114885.36;133;106;1;PREVISAM II - CD
31665;1708;1482;3334623;2009001011;420;31949359.26;128;219;1;SANTA MARIA II
32376;1709;3438;3357773;2000001238;11;175708.00;353;28;1;TELE NORDESTE CELULA
32316;1710;3438;3354996;2002002029;20;2282453.42;367;21;1;TIMPREV-NORDESTE
31929;1711;3438;3339956;2000000118;0;0.00;0;0;1;CA - CELULAR
31639;1713;1482;3334140;2006003038;0;0.00;0;0;2;PREVISAM II- BD
32391;1715;1482;3360901;1996004956;29;171043.86;312;0;1;NOVOESTE
32271;1716;1911;3354555;2005004847;149;9684129.03;208;80;2;Custeio parte BD
32387;1719;1482;3360887;1989000665;0;0.00;0;0;1;SESI BA
32388;1721;1482;3360890;1988002338;0;0.00;0;0;1;SENAI BA
32389;1722;1482;3360895;1989000592;0;0.00;0;0;1;FIEB
32395;1723;1482;3360909;1997001683;29;2904874.56;258;119;1;HUNTSMAN 1
32401;1726;1482;3360932;2005004456;92;13193014.68;115;138;1;SITA
32394;1728;1482;3360904;2001000138;1046;91021722.27;93;180;1;SENAI BA
32685;1731;1482;3831995;2004000392;457;33959858.66;168;120;1;FIESP
32407;1733;1482;3360948;1987001419;240;16576069.10;167;199;1;RESAPREV
31955;1735;1482;3340974;1991001347;618;23245081.01;152;120;1;FIBERGLAS
32411;1736;1482;3360961;2007002711;29;1540778.76;181;164;1;HUNTSMAN TEXTILE
32406;1750;1482;3360945;1983000329;527;16885909.14;147;182;1;GREIF
31562;1752;1482;3331988;1998003418;138;11019126.24;113;203;1;STAHL
32397;1766;1482;3360917;2003000119;713;164044133.37;232;150;1;E&Y
32413;1767;1482;3360967;2010003829;330;23672580.72;143;236;1;OCV CAPIVARI
32377;1769;1482;3358994;1996003811;184;11827078.80;113;167;1;FUJITSU
32398;1771;1482;3360922;2004003138;0;0.00;0;0;1;AIR FRANCE
32610;1772;4131;3436861;1981000811;129;38968579.00;153;142;1;ENERGISA
32437;1786;1482;3365102;2004000538;4372;702677564.57;156;113;1;SESI
32441;1787;1482;3365511;2004000465;3814;378870005.40;159;100;1;SENAI
32126;1866;1239;3347851;1979002738;106;0.00;251;86;2;BD
32127;1867;1239;3347851;1979002738;98;0.00;254;82;3;CV
32132;1887;1239;3347857;1979003238;2812;225844257.47;166;170;3;CV
32170;1906;1239;3348800;1979003165;1216;148902009.23;155;196;2;BD
32171;1907;1239;3348800;1979003165;1150;142468104.74;158;194;3;CV
32578;1926;1239;3425860;1982002311;939;0.00;157;203;2;BD
32581;1927;1239;3425860;1982002311;830;0.00;165;198;3;CV
32037;1947;1239;3343050;1979003319;500;57107356.28;95;174;3;CV
32077;1948;1239;3344377;1982002247;1107;0.00;222;151;2;BD
32076;1949;1239;3344377;1982002247;841;0.00;222;151;3;CV
32039;1950;1239;3343054;1982002174;325;54528665.36;378;40;2;BD
32038;1951;1239;3343054;1982002174;316;54031305.38;379;39;3;CV
31992;1966;1239;3342382;1979003092;237;0.00;199;153;2;BD
31991;1967;1239;3342382;1979003092;215;0.00;200;154;3;CV
31995;2006;1239;3342384;1979002819;3198;205359769.94;131;210;2;BD
31993;2007;1239;3342384;1979002819;2793;185264647.23;131;213;3;CV
32043;2008;1239;3343062;1979002983;185;22766161.60;154;196;2;BD
32041;2009;1239;3343062;1979002983;174;22163109.02;157;194;3;CV
31888;2046;655;3339193;2007001519;42473;13512815043.26;156;229;2;PLANO PETROS 2 / CD
32001;2066;4707;3342398;2013000138;19524;3238497499.51;54;175;1;PREVCOM RP
32002;2067;4707;3342402;2013000219;10065;1506991580.38;101;104;1;PREVCOM RG
31369;2086;2909;3312082;1993003411;1;192156.90;103;257;23;GRC BRASIL CENTRO DE
32385;2126;59;3358974;2012000819;196;0.00;14;0;1;PAI 1
31296;2146;4221;3191835;2012001874;1254;0.00;71;251;1;JMPrevidência
31660;2186;1479;3334617;2012000738;668;94255213.78;75;168;1;Custeio Taesaprev
31819;2246;3188;3337920;1999003756;1278;100829176.11;124;205;4;UNOESC PREV
31941;2266;2083;3340968;2011002192;293;25062903.00;224;170;1;Mosaic 1
31943;2286;2083;3340968;2011002192;159;8263024.00;166;46;2;Fospar
31942;2287;2083;3340968;2011002192;0;0.00;0;0;3;Instituto Mosaic
31684;2306;1434;3334916;2009003292;58;6442511.72;138;106;2;PCV
32018;2307;3472;3342715;1984001183;140;24864927.88;65;212;3;Audi
32136;2308;2083;3347869;2011002265;1025;120113849.00;46;285;1;Mosaic
32138;2309;2083;3347869;2011002265;107;6578098.00;76;274;2;Fospar
31581;2326;2231;3332701;2012001947;813;115493609.53;108;145;1;GERAL
31875;2327;2213;3338722;1991002483;2;446806.00;103;173;10;Mauá Prev
32656;2328;2083;3524870;2012000274;378;19774670.00;226;115;1;Vale Fertilizantes
31295;2346;4221;3191831;2012001629;2346;0.00;91;174;1;Uniodonto
31572;2386;3304;3332402;2011001838;6803;263639855.00;36;324;1;Grupo 1
32325;2406;2258;3356144;2012000983;452;37964832.00;95;215;1;Oji Papéis
31318;2426;895;3309044;2012001718;180;41726685.00;122;5;1;Nº 01
31751;2446;4666;3336726;2011000629;25609;1397947610.64;60;240;3;Plano Raiz
31961;2466;2258;3340988;2006001647;1121;47223514.91;84;264;2;KFB NORDESTE
32337;2486;1033;3356467;2000007538;10;2377671.14;228;96;3;SOLUÇÕES USIMINAS
32339;2487;1033;3356467;2000007538;2;0.00;456;0;4;MINERAÇÃO USIMINAS
32139;2506;1261;3347874;1980000311;113;0.00;307;41;4;Icolub e SBPL
32305;2546;3438;3355339;2012000347;367;15332495.52;164;175;1;Plano Apos Metalsa
31522;2567;4443;3331429;1998002292;182;25121898.75;279;114;2;Escelsa
31521;2568;4443;3331429;1998002292;0;0.00;0;0;3;Enerprev
31523;2569;4443;3331429;1998002292;2;0.00;280;80;4;Energest
32545;2606;3825;3421464;2005004774;280;15161780.00;24;324;2;Hitachi
32474;2646;3188;3371319;2012000665;1940;140186874.36;36;324;1;BBPREV FUTURO
31936;2707;4217;3339922;2012001238;93;0.00;95;227;1;CONTÁBIL PREV
31293;2786;4221;3191815;2011002419;534;0.00;109;160;1;ABEPOM PREVIDÊNCIA
31815;2806;2258;3337918;2012001092;1719;180587823.00;72;252;1;Masterfoods
31816;2826;2258;3337918;2012001092;220;23635752.40;84;264;2;Royal Canin
31344;2829;4621;3311532;2011001765;625;0.00;69;0;1;PlenoPrev
32290;2866;1729;3355273;1990001092;191;10766628.00;95;179;7;Rohm and Haas Químic
31836;2868;2258;3337946;2012001319;113;8384179.31;120;219;1;Trelleborg
31849;3007;1256;3337895;2009001265;1;125852.61;130;224;4;MM PREV
32514;3026;4296;3388582;2005002111;5;0.00;120;115;1;Avaliação 2011
32455;3086;1208;3366981;2013001411;18441;761255729.26;53;232;1;Plano CBSPREV
31748;3109;4724;3336506;2013000383;103443;9580986235.73;103;231;1;ExecPrev
31777;3110;4724;3337404;2013000618;3373;1078895329.85;46;221;1;LEGISPREV
31307;3127;237;3307339;2013000911;53;983456.37;103;158;2;ABDI CD
32480;3150;3188;3372125;2013000456;319;78565561.36;94;132;1;APEXPREV
31752;3151;4741;3336728;2013001738;28726;4381102284.13;47;250;1;GERAL
31628;3164;2231;3333751;2013001665;161;32298033.30;79;171;1;GERAL
32274;3166;1911;3354560;2013001274;0;0.00;0;0;1;SESI-PI CD
32273;3167;1911;3354560;2013001274;173;7789281.53;97;104;2;SESI-PI BD
31874;3171;2213;3338722;1991002483;212;15940914.00;79;175;11;Siniat
31457;3179;3188;3328571;2010003365;141;5326947.64;0;0;1;Plano BD Saldado
31405;3182;922;3315187;2013000847;1141;301281537.70;83;140;1;PLANO BENEFÍCIOS II
32551;3184;3825;3421470;1998001156;12;2068669.20;252;108;8;Almart
32557;3185;3825;3421470;1998001156;2;0.00;240;0;9;Participações
31504;3187;3188;3330074;2010003292;78;2884693.73;0;0;1;Plano Misto Saldado
31744;3206;3188;3336500;2010003438;1276;182869404.77;108;105;1;Prev Amazônia
32019;3227;3472;3342715;1984001183;13940;1517812287.03;203;144;5;Brasil
32003;3246;4707;3342406;2013002092;6977;1335385560.34;109;95;1;PREVCOM RG UNIS
32654;3306;2083;3519054;1999005211;1861;0.00;276;48;2;VM BP
31312;3326;237;3307988;2014000883;209;4457666.89;102;159;1;EmaterDF-FlexCeres
32573;3366;3825;3421482;1997003783;4;0.00;300;0;2;REFINADORA
32572;3367;3825;3421482;1997003783;3369;239391829.00;84;276;3;PORTOBELLO SA
32571;3368;3825;3421482;1997003783;0;0.00;0;0;4;PEDRA BRANCA
32568;3369;3825;3421482;1997003783;409;25879637.00;72;276;5;MULTILOG
32570;3370;3825;3421482;1997003783;218;29497268.00;24;300;6;PORTOBELLO SHOP
32569;3371;3825;3421482;1997003783;0;0.00;0;0;7;PAREXGROUP
31729;3386;223;3335751;2002004838;592;187398197.30;80;89;1;pcd
32503;3387;4443;3383429;1982002018;263;21714299.75;288;84;2;BD
32505;3388;4443;3383429;1982002018;186;1712460.74;43;50;3;BSPS
32504;3389;4443;3383429;1982002018;223;20155347.94;294;108;4;CV
32439;3390;1482;3365291;2013001819;235;18385222.57;184;158;1;AB FREIOS
31899;3427;4011;3339165;2014001456;694;7966262.59;69;153;1;CONFORTPREV
32564;3447;3825;3421470;1998001156;379;15757084.20;96;216;10;URN-MG
32215;3488;967;3349649;2013001592;1221;129560673.06;87;139;1;GERAL
31610;3507;2231;3332773;2014001383;7;0.00;349;0;1;GERAL
31355;3508;2909;3312082;1993003411;0;0.00;0;0;25;GEBSA - PREV
31359;3509;2909;3312082;1993003411;161;29403292.88;79;158;26;Power Conversion
32017;3511;3472;3342715;1984001183;301;40468826.84;66;176;6;Man Diesel e Turbo
32160;3528;3411;3347792;2014001065;223;46602021.57;151;204;1;Motorola Solutions
32250;3529;2258;3354527;2014000247;2778;174439182.00;68;234;1;HMB
32178;3538;2021;3348180;2013001118;984;42793.78;68;103;1;PREVSIAS
32236;3540;1674;3353055;2014000492;761;112809210.24;68;256;1;Zoetis Ind Prod Vet
32606;3548;117;3434145;2013002238;2522;418341761.76;312;108;1;Banrisul
32607;3549;117;3434145;2013002238;4;2208272.43;252;12;2;B.Cartões
32603;3550;117;3434145;2013002238;17;5140753.15;396;4;3;Badesul
32605;3551;117;3434145;2013002238;32;4615015.60;360;84;4;Fundação
32604;3552;117;3434145;2013002238;33;3847228.84;324;96;5;Cabergs
32184;3553;117;3348822;2013002165;322;41551843.71;408;36;1;PBS
32609;3558;3438;3436640;2013001983;75;17334511.92;129;70;1;Carestream do Brasil
31998;3567;655;3342390;2004002638;0;0.00;0;0;2;SANASA - BD
31647;3587;2561;3334176;2014001219;1102;197109780.60;204;180;1;Nestlé
32508;3668;1434;3386077;2015000747;19;957292.82;170;154;1;Celpa R
32187;3669;4091;3348833;2004002492;3054;481893121.06;86;111;7;CD
32188;3670;4091;3348833;2004002492;3;0.00;464;0;8;BSPS
32156;3671;802;3347947;1977000118;0;0.00;0;0;2;GRUPO PRE-68
32024;3672;93;3342735;2015001565;0;0.00;0;0;1;Caciban
32022;3673;93;3342727;2015001719;0;0.00;0;0;1;DAB
32023;3674;93;3342731;2015001638;0;0.00;0;0;1;DCA
32554;3709;3825;3421470;1998001156;15;233588.94;60;240;11;Integração Logístic
32550;3710;3825;3421470;1998001156;14;0.00;0;0;12;URN-GO
31712;3714;1537;3335765;1980001774;308;32104013.76;60;264;13;Ferroport
31713;3715;1537;3335767;1988000165;235;27821242.80;60;252;12;Ferroport
32293;3754;1729;3355273;1990001092;3;361738.00;87;90;9;PREVDOW
32277;3771;1911;3354485;2015000674;2271;0.00;48;0;1;INDUSTRIAPREV
31466;3775;3126;3328888;2006003992;2600;145529748.72;128;244;2;OWENS-ILLINOIS DO BR
32668;3788;3126;3584689;1993001492;1;68141.00;187;287;3;IVV
31319;3830;895;3309046;2014002118;875;151705878.84;87;128;1;CD-METRO-DF
31797;3831;2258;3337471;2015000518;5050;156663631.32;72;132;1;PLANO CITROSUCOPREV
32501;3848;2316;3380601;2015001492;436;2265807.03;373;3;1;GRUPO CONAB
32500;3849;2316;3380601;2015001492;0;0.00;0;0;2;GRUPO CIBRIUS
32082;3868;655;3344406;2010004019;0;0.00;0;0;2;SULGASPREV - BD
32121;3889;655;3347820;2003002618;4;276959.09;456;0;3;Vale Fértil
31881;3928;2796;3338642;2015001174;6308;530354279.26;48;305;1;Plano de Benefícios
31363;3968;2909;3312082;1993003411;44;3768741.21;69;110;27;Avio do Brasil
32653;4010;2083;3519054;1999005211;77355;5242596293.00;108;192;3;Risco e Renda
32045;4028;967;3343066;1991001029;0;0.00;0;0;2;PBS-A 2
32643;4052;59;3488882;2000008119;4575;517433827.04;0;0;4;INFRAERO / INFRAPREV
32639;4053;59;3488882;2000008119;68;8057697.70;0;0;5;Viracopos
32641;4054;59;3488882;2000008119;26;2043520.18;0;0;6;Guarulhos
32644;4055;59;3488882;2000008119;7;1560593.71;0;0;7;INFRAMERICA
32521;4070;744;3389803;1986000729;36;5917545.53;165;184;13;BISB Bosch Soluções
32159;4072;3411;3347786;2016001356;22;8571034.30;139;131;1;Grupo 1 Arris
31328;4074;2909;3309404;2016000465;12;4122078.35;175;102;2;Alstom Grid
31327;4075;2909;3309404;2016000465;619;85520159.40;130;161;3;Alstom Renováveis
31329;4076;2909;3309404;2016000465;61;16798873.13;123;104;4;Alstom Térmica
31767;4078;31;3336926;1988003156;3;400415.99;78;359;6;Instituto Alcoa
32084;4080;2292;3344320;2016000392;4267;307631351.82;36;288;1;Patrocinadoras
31582;4081;4279;3332705;2016001992;97983;0.00;27;343;1;Prevcoop
32556;4089;3825;3421470;1998001156;2;0.00;0;0;13;Sim Serviços de TI
32560;4090;3825;3421470;1998001156;0;0.00;0;0;14;Martins SP
32562;4091;3825;3421470;1998001156;4;0.00;72;240;15;Instituto Alair
32552;4092;3825;3421470;1998001156;4;0.00;0;0;16;URN-Nordeste
32535;4093;3825;3421160;2016000147;597;61131786.43;144;192;1;Axalta
32538;4095;3825;3421454;1997000229;822;73609830.00;132;216;14;Grupo Folha
32537;4096;3825;3421454;1997000229;6928;722358477.00;36;300;15;Grupo UOL
32539;4097;3825;3421454;1997000229;737;41332056.00;72;300;16;Grupo Plural
31607;4108;713;3332767;2006001892;54;6816814.29;52;202;4;PATROCINADORA PRECE
32298;4248;4889;3355310;2016001747;7;661079.00;312;46;1;Grupo 1
32303;4268;4889;3355328;2016001674;53;7477793.00;163;182;1;Grupo 1
31450;4308;1105;3317638;1997003147;333;53168799.18;307;652;2;Sub Pl BD N Saldado
31448;4309;1105;3317638;1997003147;883;82036683.33;258;81;3;Sub Pl CD
32628;4328;4801;3470797;2016001518;3331;25141649.68;23;315;1;GRUPO 1
32177;4348;3527;3348814;1996002619;48;195906048.36;93;118;4;ENTCO
31497;4388;2018;3329683;2016001811;426;61967513.69;40;119;2;Plano de beneficio S
32366;4389;81;3356380;2017000256;768;75042705.01;53;275;1;BANESES
32640;4390;59;3488882;2000008119;5;931585.46;0;0;8;8 - BH
32642;4391;59;3488882;2000008119;0;0.00;0;0;9;GALEAO
31357;4392;2909;3312082;1993003411;0;0.00;0;0;28;Simples Part
31365;4396;2909;3312082;1993003411;0;0.00;0;0;29;Banco Cifra
31404;4409;984;3315078;2005001538;184;1710062.73;241;122;3;DME II
31934;4448;3438;3339979;2016002018;44;8682669.36;192;180;1;KEYSIGHT
31832;4451;2258;3337940;1996001329;119;10163216.76;47;161;4;HITER CONTROLS ENGEN
31431;4453;3126;3316735;1997001918;0;0.00;0;0;3;SWIPCO
32459;4454;391;3367203;1979001529;175;19596731.63;167;148;2;FAPES
32458;4455;391;3367203;1979001529;2359;1308470005.59;196;161;3;SISTEMA BNDES
31691;4460;713;3334920;2011000556;0;0.00;0;0;7;PARTE CD ¿ CAC
31689;4461;713;3334920;2011000556;801;160770616.78;411;1;9;PARTE CD ¿ CEDAE
31686;4462;713;3334920;2011000556;0;0.00;0;0;10;PARTE BD ¿ CEDAE
31687;4463;713;3334920;2011000556;0;0.00;0;0;12;PARTE BD ¿ PRECE
32624;4465;2258;3463977;2017001147;349;20007359.04;131;44;1;CMOC
31406;4468;922;3315189;2017001392;208;0.00;388;20;1;PLANO BENEFÍCIOS III
32031;4488;2258;3342762;2017001074;521;22258779.00;124;42;1;Plano Basico CMOC
31690;4489;713;3334920;2011000556;0;0.00;0;0;8;PARTE BD ¿ CAC
31688;4490;713;3334920;2011000556;0;0.00;0;0;11;PARTE CD ¿ PRECE
31976;4509;4791;3341228;2016001283;2939;258107938.68;24;299;1;PLANO RS-FUTURO
31737;4529;4131;3336195;2017000647;11682;538880394.12;36;108;2;ENERGISA CD
31513;4548;4769;3330422;2015000429;1980;368199932.49;37;291;1;1
31641;4608;3531;3334152;1996003038;4747;141891751.20;96;192;2;Grupo RBS - II
32030;4631;984;3342760;2017001211;2705;164730014.40;63;196;1;1 - FECOMERCIO MG-I
31950;4668;758;3340972;2002002411;58;5507802.00;53;293;3;PATROC. E-UB
31482;4709;1482;3329094;2000003192;98;825305.55;128;156;2;CHEMTRADE BRASIL LTD
31576;4729;206;3332394;2010005538;7628;788006973.00;82;210;14;Plano de Benefícios
32117;4731;655;3347814;1970000147;400;120863901.21;414;4;3;PÓS-70
31583;4735;4279;3332709;2018000111;926;0.00;14;251;1;Grupo de Custeio
32558;4737;3825;3421470;1998001156;48;6703505.25;96;192;18;Tripag
32123;4750;655;3347822;2018000292;2429;446022197.62;404;6;3;PÓS-70
32524;4751;2525;3390058;1974000338;1;0.00;582;0;2;BD-ENGIE
31432;4769;3126;3316739;1994001674;0;0.00;0;0;2;South32
31873;4790;2213;3338722;1991002483;1393;114126754.00;32;190;15;SupergásBrás
31587;4809;2231;3332723;2018002074;394;0.00;39;0;1;Geral
31485;4814;3126;3329316;2018000756;336;23592980.04;84;204;1;Vertiv Tecnologia
32660;4816;3825;3530809;1993001956;431;9480973.32;189;87;2;DEMAIS PATROCINADORA
32053;4850;1924;3343088;1989000274;9;2269732.68;241;154;10;SIEMENS MOBILITY SOL
31648;4852;206;3334180;1988000874;1394;165359967.00;257;80;18;Cargill Previdencial
32010;4853;1078;3342440;1984000918;5170;506457199.08;118;261;3;Grupo 1 - Todos
31716;4873;1537;3335767;1988000165;236;26005533.24;156;204;17;Birla Carbon
31918;4874;2258;3339850;2018001256;422;37568385.00;132;204;1;Plano CD
31939;4876;2292;3340964;1998002829;103;11037259.87;300;48;2;PATROCINADORES
31710;4895;1537;3335765;1980001774;239;26387163.84;156;204;18;Birla Carbon
32586;4909;3825;3426955;1981000674;127;7395329.64;168;204;2;1 - Panatlantica -
32004;4929;4707;3342410;2018001329;636;14351901408.00;32;223;1;PREVCOM RO
31320;4949;895;3309048;2017000183;802;87127577.93;27;244;1;1 - No. 01
31397;5000;919;3314713;1980000719;223;20856385.42;168;198;14;Carbeto
31953;5001;758;3340972;2002002411;3507;238258167.00;142;232;4;UNILEVER INDUSTRIAL
31946;5002;758;3340972;2002002411;451;29187040.00;953;251;5;UNILEVER GELADOS
31952;5004;758;3340972;2002002411;0;0.00;0;0;7;CICANORTE
31954;5005;758;3340972;2002002411;6;1172332.00;74;209;8;UNILEVERPREV
31949;5006;758;3340972;2002002411;197;24220135.00;134;264;9;UNILEVER LOGÍSTICA
31537;5010;2316;3331393;2015001311;288;76312459.21;368;4;3;Submassa 1
31538;5011;2316;3331393;2015001311;1876;356468809.84;155;65;4;Submassa 2
31828;5012;2258;3337938;2019001365;543;69607545.00;84;240;1;Química
31829;5013;2258;3337938;2019001365;53;5044466.00;84;288;2;Química Bahia
31794;5014;1763;3337463;1990000819;46;5782827.60;36;240;7;SAC
32294;5016;1729;3355273;1990001092;595;35952148.00;49;143;11;Palmyra
31959;5017;2258;3340986;2019001756;406;26501000.00;89;202;1;POLO FILMS
31838;5019;2258;3337948;1994001747;385;24361571.52;110;241;2;3,26808E+13
31386;5020;211;3312946;1996005138;1621;131846733.80;35;215;2;Custeio Pl Misto 2
32211;5021;117;3349718;2018002147;102;17386155.67;456;24;1;Banrisul
32214;5022;117;3349718;2018002147;0;0.00;0;0;2;B.Cartões
32210;5023;117;3349718;2018002147;0;0.00;0;0;3;Fundação
32212;5024;117;3349718;2018002147;1;84967.35;444;24;4;Cabergs
32213;5025;117;3349718;2018002147;0;0.00;0;0;5;Badesul
31697;5026;4594;3335050;2009003683;68;18711780.00;156;204;3;EMEB
31944;5027;2083;3340968;2011002192;8;4194803.00;283;125;4;Mosaic PK
32137;5028;2083;3347869;2011002265;625;49857843.00;17;298;3;Mosaic PK
32448;5030;4755;3366051;2014000311;5869;398161468.90;60;170;1;Custeio SE
32449;5031;4755;3366055;2015001247;793;8669570.13;50;116;1;Custeio CDT
32124;5032;655;3347826;2019003619;0;0.00;0;0;1;PRÉ-70
32125;5033;655;3347830;2019003783;2;725001.37;636;0;1;PRÉ-70
32056;5038;2333;3343092;2019000938;1158;130505747.58;48;0;1;PREVSAN CD
31547;5040;3126;3331976;2008000192;1461;251192753.28;48;288;4;Technip Brasil
32658;5046;2083;3524872;2020000229;4264;207266213.00;119;151;1;Renda e Risco
32657;5047;2083;3524872;2020000229;52;0.00;278;46;2;BP
31566;5048;391;3332197;2019000156;66;10741865.94;35;234;1;FAPES
31760;5051;2083;3336783;2020001438;0;0.00;0;0;1;Abono
32109;5052;686;3346998;1978000529;0;0.00;0;0;3;PORTOBRAS
32113;5053;686;3346998;1978000529;9;962024.26;392;33;4;PORTUS
32110;5054;686;3346998;1978000529;0;0.00;0;0;5;CODOMAR
32114;5055;686;3346998;1978000529;4;657373.08;500;0;6;CDC
32111;5056;686;3346998;1978000529;46;8768578.13;487;0;7;CODERN
32112;5060;686;3346998;1978000529;7;847415.53;412;24;11;PR
32115;5063;686;3346998;1978000529;0;0.00;0;0;14;SPI
31627;5064;2231;3333747;2019003074;4109;142625702.05;32;155;1;Geral
31339;5099;2083;3311179;2019002329;8728;0.00;27;175;1;Prevaler - Total
31382;5065;611;3312745;2019002019;1570;150799521.00;144;216;1;Principal
32469;5101;3188;3368883;2017000574;790;106957153.16;64;218;1;AMAZUL PREV
32476;5102;3188;3371732;2016000538;1638;132043312.57;75;124;1;BBTS PREV
32484;5103;3188;3373465;2017000711;343;112034931.19;62;177;1;TERRA PREV
32472;5104;3188;3369848;2019000865;687;0.00;39;0;1;BBPREV FUTURO
32478;5105;3188;3372058;2019001047;13;0.00;47;19;1;BBPREV COOP
32626;5066;2258;3462496;2019002256;586;104030635.09;117;125;1;HP
31383;5067;611;3312750;2019002183;1103;112840114.00;144;216;1;Suplementar
32457;5120;14;3366944;2008001083;2147;0.00;94;0;3;PLANO INVESTPREV
31824;5107;2258;3337861;2014001618;100;12751170.96;52;204;1;OLYMPUSPREV
31555;5109;1482;3331940;2016002174;82;15060878.64;64;107;1;SENAR
31553;5110;1482;3331940;2016002174;25;2121226.42;45;183;2;ICNA
31554;5111;1482;3331940;2016002174;128;17567182.13;61;140;3;CNA
31556;5112;1482;3331940;2016002174;14;784720.68;51;123;4;SENAR/AR AM
31550;5113;1482;3331940;2016002174;25;1965991.20;47;163;5;SENAR/AR ES
31552;5114;1482;3331940;2016002174;6;293910.84;48;106;6;FAE/ES
31551;5115;1482;3331940;2016002174;16;2659727.88;56;97;7;SENAR/AR SC
31557;5116;1482;3331940;2016002174;0;0.00;0;0;8;FAE/A
31784;5117;2258;3337372;2014000719;125;14795219.52;52;221;1;MHWIRTH
31785;5118;2258;3337372;2014000719;79;10157998.68;67;158;2;Ak Operações
31783;5119;2258;3337372;2014000719;1184;119058755.25;52;200;3;Aker Solutions
31651;5122;535;3334435;2019002574;1202;0.00;48;0;1;Grupo Viva Mais
31726;5123;223;3335747;2019003929;592;0.00;29;8;1;CP+
32612;5068;3527;3437538;2020001365;1026;167904302.76;124;98;1;Plano DXC
32239;5124;4711;3353008;2014000638;824;0.00;89;339;1;GERAL
32240;5126;4711;3353012;2018000519;345;47438164.08;38;306;1;GERAL
32145;5127;2292;3347760;2018002538;397;66625543.20;48;12;1;Plano VI
32241;5128;4711;3353021;2019003538;1494;86048514.36;28;312;1;GERAL
31908;5129;1239;3339805;2018000829;277;37743928.95;32;165;1;CD
32417;5069;1482;3360995;2020000938;88;12826376.68;36;196;1;Lonza
32381;5133;1781;3358970;2019002711;5049;0.00;22;226;1;Previ Família
32173;5134;3527;3348172;2020001756;613;0.00;22;116;1;Plano +Valor
31910;5137;1239;3339822;2018000918;310;39972910.77;29;89;1;CD
31730;5138;1482;3335755;2018001965;571;49564689.01;89;236;1;Merial
31808;5139;2258;3337844;2016001119;143;11086757.63;45;244;1;ESPN
31803;5140;2258;3337839;2016001038;333;74997985.00;43;200;1;TWDC Brasil
31985;5141;1239;3342324;2019000229;2743;0.00;26;150;1;CD
31986;5142;1239;3342327;2019002965;72;16306356.04;25;224;1;CD
31909;5143;1239;3339813;2020000083;169;24479853.58;30;319;1;CD
32281;5145;1239;3354964;2020000792;2986;215064859.10;44;58;1;CD
32027;5070;2258;3342744;2019003211;75;5264091.00;259;172;1;RHENDE+ BÁSICO
31778;5151;309;3337354;2019001519;41;0.00;32;262;1;Plano Instituído
31779;5152;309;3337360;2019001683;3;0.00;33;260;1;Plano Setorial
32513;5072;357;3388588;2020000611;12;597128.39;356;54;1;Grupo Saldado
31951;5073;758;3340972;2002002411;111;20079128.00;42;291;10;COMPRA AGORA
31948;5074;758;3340972;2002002411;12;2193991.00;30;337;11;MÃE TERRA
32543;5075;3825;3421460;1989001092;2143;205742724.72;64;258;3;GRUPO MARSH
31548;5076;3126;3331976;2008000192;25;0.00;0;0;5;GENESIS OIL_GAS
31545;5078;3126;3331976;2008000192;8;685270.20;48;264;7;GLBL
32072;5156;1924;3343022;1989000347;83;13125013.33;243;154;8;SIEMENS INDÚSTRIA
32070;5157;1924;3343022;1989000347;8;2096525.47;280;142;9;MOBILITY
32054;5079;1924;3343088;1989000274;106;15451552.68;237;154;11;SIEMENS INDUSTRIA
31984;5159;1239;3342316;2018001418;114;13205779.73;40;244;1;CD
32231;5160;4649;3350973;2010003756;55;6342293.23;14;281;2;KINTO
32233;5161;4649;3350973;2010003756;180;37887085.99;81;217;3;BTB
32234;5081;4707;3353045;2019003856;325;320759.27;19;252;1;SP PREVIDENCIA
32006;5082;4707;3342424;2020000474;562;114747622.73;24;241;1;PREVCOM MS
32057;5162;4861;3343018;2019000474;3612;328679049.60;26;236;1;Robert Bosch
31747;5167;1198;3336486;2019001111;3851;0.00;14;0;1;Plano Setorial
32108;5168;1674;3346827;2015000356;865;176357636.88;42;153;1;ABBVIE
32122;5169;1674;3347748;2019001918;695;98764988.64;68;205;1;LONGPING
32310;5083;3438;3355343;2009003519;367;30728710.00;31;306;8;Contitech
32228;5170;1674;3350953;2016000783;112;16337579.40;92;188;1;OLIN
32060;5171;1924;3343020;2008003711;152;19382896.35;70;169;12;DRESSER-RAND
32058;5172;1924;3343020;2008003711;129;21527065.92;104;174;13;MOBILITY
32059;5173;1924;3343020;2008003711;116;9027829.53;64;183;14;GUASCOR
32064;5174;1924;3343020;2008003711;1;124583.42;78;149;15;JAGUARI
32065;5175;1924;3343020;2008003711;52;9492272.05;123;123;16;ITB
32062;5176;1924;3343020;2008003711;1611;219113417.98;89;203;17;SIEMENS INDÚSTRIA
31560;5179;1482;3331950;2008000265;1126;56397935.62;89;204;2;DELPHI POWERTRAIN
31987;5181;1239;3342331;2020000156;2270;155751675.95;20;239;1;CD
31659;5182;2556;3334613;2018001574;361;0.00;30;30;1;Plano Família
32519;5086;744;3389803;1986000729;3;318358.43;92;287;16;BoschPrev2
31507;5190;2172;3330046;2020000865;136;30430114.91;26;212;1;Plano CD II
31840;5191;1991;3337883;2017000892;473;40347040.24;31;255;1;Solvay
31825;5192;4875;3337866;2020002329;370;115842140.70;13;303;1;ALPREV
32278;5194;1911;3354490;2018001711;3468;143481309.14;37;240;1;LUNELLIPREV
32350;5092;4707;3356373;2018001892;41;3044358.33;0;0;1;MULTI BIRIGUI
32354;5093;4707;3356373;2018001892;19;791045.32;47;168;2;MULTI SANTA FE
32344;5094;4707;3356373;2018001892;156;22508990.79;34;165;3;MULTI RIBEIRAO PRETO
32358;5095;4707;3356373;2018001892;19;2093310.96;30;153;4;MULTI OSASCO
32356;5096;4707;3356373;2018001892;822;102200474.09;57;153;5;MULTI GUARULHOS
32346;5097;4707;3356373;2018001892;0;0.00;0;0;6;MULTI LOUVEIRA
32158;5201;3411;3347780;2016001429;218;42143348.78;283;294;1;Plano Mais Vida II
32494;5202;1403;3378510;2016000619;880;7046320.79;72;109;1;Grupo Único
31300;5203;237;3245774;2018000365;1159;0.00;37;173;1;Familia Ceres
31338;5205;4831;3311146;2019001829;8657;718555760.65;37;0;1;Plano CD NEOS
31595;5208;4652;3332729;2019001438;70;0.00;31;334;1;ABEFINPREV
31846;5209;655;3337887;2021000011;503;123971840.98;28;4;1;PP-3
32266;5210;2258;3354542;2021000974;127;18495367.00;120;240;1;BENTLY
32267;5211;2258;3354542;2021000974;1804;160206425.00;108;228;2;ENERGY
31297;5247;4221;3191841;2015001883;95;0.00;70;218;1;Plano COPANPREV
31519;5249;571;3331084;2020002418;890;0.00;21;313;1;Plano Familia Itaipu
31321;5250;895;3309052;2020001829;599;0.00;18;392;1;BRASILIA PREV
31535;5252;3678;3331385;2020001918;86;0.00;18;246;1;FAMILIA INDUSTRIA
32296;5251;3438;3355292;2020003392;88;20767277.04;131;140;1;Aerospace
32104;5255;3602;3346796;2020002965;428;0.00;24;0;1;Grupo de Custeio I
32372;5257;4203;3357604;2020002711;170;0.00;26;218;1;FAMILIA ATLANTICO
31988;5260;1239;3342337;2021000656;3;0.00;24;15;1;CD
32577;5259;3825;3421490;2020003211;674;79803791.73;144;228;1;Verallia
31622;5261;391;3333433;2020001519;134;0.00;21;62;1;FAPES
32301;5262;4889;3355320;2021000729;177;38235010.00;64;241;1;Grupo 1
31967;5266;1242;3341130;2021001792;1851;604970198.00;19;175;1;PL. CD CITIBANK
31903;5269;2525;3339175;2020002256;29;4509741.21;19;345;1;NCD
31975;5277;4791;3341224;2020001047;7;1244565.24;19;261;1;RS-MUNICÍPIOS
31649;5280;254;3334114;2020003147;151;15371447.52;20;219;1;Novo Grupo Custeio
32326;5278;4892;3356148;2021000583;831;216123576.76;11;329;1;PREVCE
31361;5281;2909;3312082;1993003411;40;11772685.60;106;140;35;GE TERMICA
32392;5282;1482;3360904;2001000138;992;60009521.45;91;174;2;SESI
32393;5283;1482;3360904;2001000138;119;9598283.91;133;149;3;FIEB CIEB IEL
32175;5273;3527;3348814;1996002619;0;0.00;0;0;5;DIGITAL
32333;5274;3945;3356463;1999002318;148;23736097.00;144;128;8;UpJohn
31848;5284;655;3337891;2021003183;2141;308891424.53;15;100;1;Custeio Flexprev
32646;5288;59;3488882;2000008119;4;776074.39;189;192;10;Salvador
32645;5289;59;3488882;2000008119;1244;165750834.60;0;0;11;NavBrasil
32599;5290;3126;3434048;2021001156;38;2872176.72;240;60;1;Froneri
32600;5291;3126;3434050;2021001318;33;3167190.00;216;72;1;Froneri
31396;5292;919;3314713;1980000719;127;8579026.95;116;217;15;Vitrocolor
32135;5293;2083;3347869;2011002265;79;5700884.00;18;292;4;Mosaic Potassio
32048;5294;1688;3343014;2021000338;24;7684384.24;15;88;1;NUCLEP
32106;5295;1688;3346822;2021000419;217;56753886.28;10;170;1;ELETRONUCLEAR
32046;5296;1688;3343010;2021001865;78;12766830.44;15;137;1;INB
31823;5297;2258;3337930;1993003029;35;2463336.48;67;231;2;Novozymes BioAG
32009;5300;4707;3342436;2020002647;348;69225666.64;18;275;1;PREVCOM MT
32348;5301;4707;3356373;2018001892;4;2299373.44;21;144;7;MULTI BARRETOS
32352;5302;4707;3356373;2018001892;53;4954577.16;16;162;8;MULTI ITAPEVI
32351;5303;4707;3356373;2018001892;0;0.00;0;0;9;MULTI JALES
32355;5304;4707;3356373;2018001892;0;0.00;0;0;10;MULTI MAIRIPORA
32345;5305;4707;3356373;2018001892;77;8278218.65;14;166;11;MULTI SANTOS
32359;5306;4707;3356373;2018001892;0;0.00;0;0;12;MULTI VALENTIM
31885;5307;686;3338752;2022000765;134;32390413.12;452;14;1;SPA
31966;5308;686;3341192;2022001192;3;878376.33;455;0;1;CODESA
31510;5309;713;3330431;2021003418;108;19158216.22;412;0;1;PLANO PRECE IV
31997;5310;1239;3342388;2022001011;36;0.00;376;54;1;BSPS
32319;5311;3438;3355006;2021002438;3020;188155578.84;65;379;1;BRK
31853;5313;686;3338674;2022001656;226;50577297.97;486;7;1;CDRJ
31886;5314;686;3338756;2022001818;104;18182805.42;487;1;1;CODEBA
31856;5315;686;3338678;2022001729;64;11891817.52;455;17;1;CDP
31395;5316;919;3314713;1980000719;292;31860841.48;108;239;16;Sr do Brasil
31390;5319;211;3312911;2021000192;104;0.00;10;475;1;celos familia
32483;5320;3188;3373325;2021003019;1429;208006829.03;11;232;1;BBPREV BRASIL
32306;5317;3438;3355339;2012000347;132;5626754.88;146;212;2;Metalsa Campo Largo
32452;5318;1208;3366973;1995003956;177;16137537.52;3;126;2;CSN CIMENTOS
31913;5321;1239;3339830;2022000511;248;36959134.81;11;238;1;CD
31914;5322;1239;3339833;2022002547;60;7932504.00;13;125;1;CD
31563;5323;535;3331970;2021002292;162;0.00;23;0;1;Entes Federativos
32327;5324;4892;3356152;2021002829;59;9650809.09;18;280;1;PREVCE MUNICÍPIO
32068;5326;1924;3343020;2008003711;195;26158012.09;62;223;18;LARGE
32074;5327;1924;3343022;1989000347;5;591640.79;206;176;10;LARGE
32050;5325;1924;3343088;1989000274;11;1153095.84;216;108;12;LARGE
32438;5330;1482;3365284;2021003256;33;6502312.56;7;113;1;FIESPFLEX
32426;5331;1482;3363480;2022000129;372;22361077.56;27;93;1;SESIFLEX
32427;5332;1482;3363485;2022000056;579;53116910.76;6;114;1;SENAIFLEX
32232;5329;4649;3350973;2010003756;12;1258816.65;14;273;4;CONSÓRCIOS
31578;5333;4769;3332689;2021001083;3;81779.10;5;370;1;ÚNICO
31937;5334;4217;3339926;2021003329;300;55293803.76;12;265;1;MAG FEDERAÇÃO
31978;5335;4217;3341158;2022000919;37;13191764.56;13;325;1;CARIOCAPREV
32667;5336;3126;3584689;1993001492;4;456298.00;219;131;4;Logeyes
31979;5337;4217;3341164;2022000374;45;10100131.86;10;252;1;CAPITALPREV
32357;5339;4707;3356373;2018001892;0;0.00;0;0;13;MULTI MIGUELOPOLIS
32347;5340;4707;3356373;2018001892;0;0.00;0;0;14;MULTI PIRACICABA
32349;5341;4707;3356373;2018001892;20;3310626.02;11;144;15;MULTI LENCOIS
32353;5342;4707;3356373;2018001892;9;1185292.42;12;152;16;MULTI SAO JOSE
32130;5347;1239;3347857;1979003238;0;0.00;0;0;4;CD
32580;5348;1239;3425860;1982002311;100;0.00;145;202;4;CD
31429;5349;3126;3316735;1997001918;137;8258498.04;120;216;4;ISOCOAT
31905;5350;1612;3339255;2022002229;8667;1082571033.12;108;264;1;JOHNSON
31322;5351;895;3309056;2021003574;12;873974.40;7;353;1;REGIUSPREV
31401;5352;4621;3315076;2022002083;16;0.00;5;374;1;MAIS PREMIUM
31734;5353;391;3336144;2022002865;45;17904712.15;11;243;1;BNDES
31795;5354;1763;3337463;1990000819;3;418017.48;132;300;8;Danaprev
31810;5355;2258;3337850;2023000092;120;9025553.16;87;205;1;F2J
31834;5358;2258;3337869;2023001129;86;10440936.00;125;183;1;UNITHER PREV
31852;5359;1256;3337895;2009001265;14;981470.10;4;270;5;MARELLI SISTEMAS
31817;5356;2258;3337918;2012001092;301;38312447.68;72;252;4;Mars Distribuidora
31818;5357;2258;3337918;2012001092;177;23686973.70;60;252;5;Royal Distribuidora
31935;5360;4217;3339912;2022002474;43;5403974.16;4;293;1;BH PREVCOM
32015;5361;4217;3342658;2022002156;240;24023069.09;8;162;1;MAG CORPORATE
32142;5362;1991;3347884;1980000565;1;1679715.00;272;82;2;Peróxidos
32144;5363;1991;3347892;1996003119;1;946164.00;272;166;2;Peróxidos
32195;5364;3558;3348869;1996003992;104;15854622.81;5;0;2;Submassa CD
32235;5365;4707;3353051;2022001265;388;20080579.61;6;312;1;PREVCOM PA
32244;5366;4087;3353066;2007000156;414;70644142.00;82;233;5;Healthcare
32287;5367;1451;3354968;2022001974;142;2879678.49;5;0;1;FEF
32330;5368;941;3356160;2023000165;140;0.00;7;0;1;SER+
32362;5369;4707;3356373;2018001892;0;0.00;0;0;17;MULTI RESERVA IGUACU
32363;5370;4707;3356373;2018001892;0;0.00;0;0;18;MULTI PORTO FERREIRA
32360;5371;4707;3356373;2018001892;0;0.00;0;0;19;MULTI VIRADOURO
32365;5372;4707;3356373;2018001892;0;0.00;0;0;20;MULTI CANDIDO MOTA
32364;5373;4707;3356373;2018001892;0;0.00;0;0;21;MULTI JOAO RAMALHO
32361;5374;4707;3356373;2018001892;0;0.00;0;0;22;MULTI PERUIBE
32404;5375;1482;3360940;2005004065;267;18414241.00;107;212;4;PRIMARY
32403;5376;1482;3360940;2005004065;98;2422327.00;59;269;5;GEMACOM
32405;5377;1482;3360940;2005004065;103;21131839.00;32;269;6;SOLUTIONS
32442;5378;3472;3365605;2023000718;719;105271258.69;124;166;1;Participações
32462;5379;4755;3367209;2020002574;98;3430474.32;10;252;5;PREVES ENTES
32491;5380;3188;3377345;2023000947;337;27673705.54;3;207;1;PE PREVCOM
32687;5385;1451;3838612;2006002929;850;0.00;125;0;2;FIPECqPREV Inst.
32686;5386;1451;3838612;2006002929;0;0.00;0;0;3;PPE
